application_id,application_date,annual_income,credit_score,debt_to_income_ratio,loan_amount,employment_years,region,default_risk
APP-20000,2023-01-01 00:00,50369.99,660.0,0.237,17072.0,18,West,0
APP-20001,2023-01-01 08:00,66913.52,669.0,0.283,9727.0,17,West,1
APP-20002,2023-01-01 16:00,51090.39,621.0,0.195,16021.0,9,North,1
APP-20003,2023-01-02 00:00,54945.64,660.0,0.299,17552.0,4,North,1
APP-20004,2023-01-02 08:00,51482.68,761.0,0.271,38783.0,23,East,0
APP-20005,2023-01-02 16:00,61403.7,732.0,0.244,29429.0,24,South,0
APP-20006,2023-01-03 00:00,66071.37,666.0,0.211,23580.0,24,West,1
APP-20007,2023-01-03 08:00,61801.07,679.0,0.302,38911.0,0,South,1
APP-20008,2023-01-03 16:00,87993.6,765.0,0.219,36610.0,16,West,0
APP-20009,2023-01-04 00:00,77166.6,764.0,0.141,22920.0,16,East,1
APP-20010,2023-01-04 08:00,53254.51,713.0,0.282,36699.0,0,South,1
APP-20011,2023-01-04 16:00,69884.09,763.0,0.181,19151.0,24,West,1
APP-20012,2023-01-05 00:00,54490.08,676.0,0.148,13065.0,0,West,1
APP-20013,2023-01-05 08:00,59073.14,720.0,0.29,13144.0,22,East,0
APP-20014,2023-01-05 16:00,72187.96,644.0,0.267,28181.0,21,South,0
APP-20015,2023-01-06 00:00,74984.75,694.0,0.211,22537.0,8,East,0
APP-20016,2023-01-06 08:00,56188.52,711.0,0.298,28063.0,24,South,0
APP-20017,2023-01-06 16:00,48426.96,634.0,0.314,29013.0,3,South,1
APP-20018,2023-01-07 00:00,66315.55,737.0,0.299,5781.0,8,West,0
APP-20019,2023-01-07 08:00,71519.34,744.0,0.296,6891.0,13,North,0
APP-20020,2023-01-07 16:00,55425.67,756.0,0.152,23644.0,14,South,0
APP-20021,2023-01-08 00:00,77248.32,815.0,0.383,11686.0,15,South,0
APP-20022,2023-01-08 08:00,74589.4,729.0,0.325,27139.0,15,East,1
APP-20023,2023-01-08 16:00,55206.93,707.0,0.204,24327.0,12,South,1
APP-20024,2023-01-09 00:00,81952.43,638.0,0.279,25502.0,13,South,1
APP-20025,2023-01-09 08:00,82410.91,728.0,0.294,15586.0,21,South,0
APP-20026,2023-01-09 16:00,96015.02,735.0,0.277,27395.0,20,South,0
APP-20027,2023-01-10 00:00,90676.4,649.0,0.423,34032.0,8,South,0
APP-20028,2023-01-10 08:00,51460.8,699.0,0.124,39932.0,22,North,1
APP-20029,2023-01-10 16:00,78874.74,711.0,0.162,34346.0,8,West,0
APP-20030,2023-01-11 00:00,78194.44,734.0,0.096,24512.0,20,South,1
APP-20031,2023-01-11 08:00,59772.75,749.0,0.286,11770.0,3,East,1
APP-20032,2023-01-11 16:00,71823.87,686.0,0.324,28851.0,9,East,1
APP-20033,2023-01-12 00:00,36835.65,719.0,0.309,37818.0,2,South,1
APP-20034,2023-01-12 08:00,36419.21,736.0,0.257,12415.0,20,South,1
APP-20035,2023-01-12 16:00,39280.37,702.0,0.313,13960.0,8,South,0
APP-20036,2023-01-13 00:00,70838.85,691.0,0.256,10215.0,18,North,1
APP-20037,2023-01-13 08:00,71547.64,742.0,0.339,30785.0,15,West,0
APP-20038,2023-01-13 16:00,60891.74,702.0,0.369,19230.0,15,East,1
APP-20039,2023-01-14 00:00,90817.54,656.0,0.206,7194.0,16,North,0
APP-20040,2023-01-14 08:00,79806.13,772.0,0.257,35623.0,17,North,1
APP-20041,2023-01-14 16:00,41025.3,661.0,0.27,24519.0,9,South,1
APP-20042,2023-01-15 00:00,62420.39,706.0,0.394,16588.0,20,West,1
APP-20043,2023-01-15 08:00,50904.72,724.0,0.215,17039.0,18,South,0
APP-20044,2023-01-15 16:00,71209.94,730.0,0.368,15159.0,21,East,0
APP-20045,2023-01-16 00:00,64541.32,718.0,0.163,20942.0,14,West,1
APP-20046,2023-01-16 08:00,51755.32,578.0,0.379,16796.0,14,South,1
APP-20047,2023-01-16 16:00,90417.09,678.0,0.348,24178.0,10,East,0
APP-20048,2023-01-17 00:00,65860.95,723.0,0.268,32073.0,7,North,0
APP-20049,2023-01-17 08:00,58759.41,705.0,0.353,28606.0,21,East,1
APP-20050,2023-01-17 16:00,61202.9,733.0,0.24,15306.0,15,East,1
APP-20051,2023-01-18 00:00,89280.02,756.0,0.206,23506.0,9,East,1
APP-20052,2023-01-18 08:00,78669.12,733.0,0.417,34404.0,8,West,1
APP-20053,2023-01-18 16:00,62564.73,677.0,0.237,7387.0,14,North,1
APP-20054,2023-01-19 00:00,50118.65,686.0,0.334,7740.0,21,West,0
APP-20055,2023-01-19 08:00,52457.07,783.0,0.369,24466.0,4,North,1
APP-20056,2023-01-19 16:00,57767.86,702.0,0.345,27369.0,19,South,1
APP-20057,2023-01-20 00:00,72607.49,706.0,0.328,12399.0,1,South,0
APP-20058,2023-01-20 08:00,76347.98,733.0,0.334,31083.0,21,East,1
APP-20059,2023-01-20 16:00,54116.88,766.0,0.365,27619.0,15,East,0
APP-20060,2023-01-21 00:00,77011.4,669.0,0.305,37315.0,17,West,0
APP-20061,2023-01-21 08:00,51370.76,688.0,0.277,10913.0,15,North,1
APP-20062,2023-01-21 16:00,55823.4,638.0,0.17,31298.0,4,North,1
APP-20063,2023-01-22 00:00,43257.15,697.0,0.305,7928.0,0,North,0
APP-20064,2023-01-22 08:00,42810.38,736.0,0.362,24785.0,18,East,0
APP-20065,2023-01-22 16:00,51208.59,694.0,0.192,24316.0,9,East,1
APP-20066,2023-01-23 00:00,64614.02,789.0,0.262,18593.0,20,North,1
APP-20067,2023-01-23 08:00,50090.28,715.0,0.314,34560.0,12,East,1
APP-20068,2023-01-23 16:00,87471.27,705.0,0.401,5153.0,22,North,1
APP-20069,2023-01-24 00:00,51012.55,694.0,0.187,23206.0,23,West,1
APP-20070,2023-01-24 08:00,67759.2,649.0,0.343,12600.0,22,South,1
APP-20071,2023-01-24 16:00,84803.64,706.0,0.251,31022.0,22,North,0
APP-20072,2023-01-25 00:00,66387.69,726.0,0.226,6507.0,10,East,1
APP-20073,2023-01-25 08:00,59541.26,705.0,0.207,34104.0,14,West,0
APP-20074,2023-01-25 16:00,67205.13,720.0,0.228,34333.0,1,East,1
APP-20075,2023-01-26 00:00,56573.98,680.0,0.32,34150.0,5,East,1
APP-20076,2023-01-26 08:00,49987.86,654.0,0.262,10340.0,20,East,1
APP-20077,2023-01-26 16:00,74190.59,705.0,0.337,27064.0,10,North,1
APP-20078,2023-01-27 00:00,56253.33,720.0,0.19,5503.0,14,West,1
APP-20079,2023-01-27 08:00,79051.3,702.0,0.336,34679.0,8,North,0
APP-20080,2023-01-27 16:00,76943.94,719.0,0.315,30304.0,11,South,1
APP-20081,2023-01-28 00:00,67494.75,745.0,0.159,23590.0,3,North,0
APP-20082,2023-01-28 08:00,79563.29,745.0,0.4,30571.0,22,South,1
APP-20083,2023-01-28 16:00,56839.11,749.0,0.307,8301.0,23,West,1
APP-20084,2023-01-29 00:00,76756.65,755.0,0.341,23503.0,13,West,0
APP-20085,2023-01-29 08:00,76678.59,732.0,0.372,15195.0,21,North,0
APP-20086,2023-01-29 16:00,60478.68,726.0,0.357,39042.0,2,North,1
APP-20087,2023-01-30 00:00,58554.21,797.0,0.27,34999.0,20,East,0
APP-20088,2023-01-30 08:00,69935.43,745.0,0.338,30665.0,16,South,0
APP-20089,2023-01-30 16:00,94523.67,672.0,0.135,37681.0,12,East,0
APP-20090,2023-01-31 00:00,61516.47,626.0,0.312,17140.0,7,East,1
APP-20091,2023-01-31 08:00,58238.41,699.0,0.419,36531.0,11,West,1
APP-20092,2023-01-31 16:00,82675.92,738.0,0.224,16383.0,11,North,0
APP-20093,2023-02-01 00:00,66021.99,753.0,0.353,30648.0,11,West,0
APP-20094,2023-02-01 08:00,77990.32,654.0,0.422,30775.0,1,North,1
APP-20095,2023-02-01 16:00,87119.47,743.0,0.335,5642.0,9,West,1
APP-20096,2023-02-02 00:00,36394.64,761.0,0.362,17637.0,22,West,1
APP-20097,2023-02-02 08:00,64436.31,737.0,0.154,5680.0,8,West,0
APP-20098,2023-02-02 16:00,61552.94,729.0,0.205,39898.0,0,South,0
APP-20099,2023-02-03 00:00,50565.04,704.0,0.394,9277.0,3,West,0
APP-20100,2023-02-03 08:00,36220.49,689.0,0.357,23998.0,22,South,0
APP-20101,2023-02-03 16:00,41127.53,745.0,0.32,32669.0,13,West,1
APP-20102,2023-02-04 00:00,66565.53,736.0,0.259,12044.0,15,North,1
APP-20103,2023-02-04 08:00,56989.46,695.0,0.303,21977.0,24,South,1
APP-20104,2023-02-04 16:00,52972.5,824.0,0.419,26260.0,17,North,0
APP-20105,2023-02-05 00:00,66416.41,642.0,0.272,10607.0,1,North,0
APP-20106,2023-02-05 08:00,54617.79,700.0,0.336,32249.0,5,North,1
APP-20107,2023-02-05 16:00,84352.71,675.0,0.334,15477.0,2,South,1
APP-20108,2023-02-06 00:00,55686.74,727.0,0.227,12386.0,19,East,1
APP-20109,2023-02-06 08:00,87579.82,622.0,0.233,24540.0,18,South,1
APP-20110,2023-02-06 16:00,64549.76,767.0,0.402,19361.0,12,East,0
APP-20111,2023-02-07 00:00,55221.51,755.0,0.326,37210.0,16,South,0
APP-20112,2023-02-07 08:00,54131.53,722.0,0.226,35802.0,13,West,1
APP-20113,2023-02-07 16:00,87706.91,696.0,0.255,21917.0,21,East,1
APP-20114,2023-02-08 00:00,75437.5,742.0,0.201,17574.0,10,West,1
APP-20115,2023-02-08 08:00,53608.73,725.0,0.365,16393.0,15,East,1
APP-20116,2023-02-08 16:00,66786.15,753.0,0.26,14365.0,10,South,1
APP-20117,2023-02-09 00:00,29619.82,704.0,0.261,24059.0,17,South,0
APP-20118,2023-02-09 08:00,45025.94,702.0,0.347,33174.0,1,East,1
APP-20119,2023-02-09 16:00,53745.67,758.0,0.146,15876.0,22,West,0
APP-20120,2023-02-10 00:00,53377.74,739.0,0.277,11653.0,20,North,1
APP-20121,2023-02-10 08:00,83195.22,702.0,0.279,21642.0,7,East,1
APP-20122,2023-02-10 16:00,36287.2,727.0,0.257,7416.0,13,East,1
APP-20123,2023-02-11 00:00,43582.9,718.0,0.236,29545.0,1,West,1
APP-20124,2023-02-11 08:00,71785.92,731.0,0.223,23143.0,12,North,0
APP-20125,2023-02-11 16:00,68454.08,767.0,0.303,22373.0,9,East,1
APP-20126,2023-02-12 00:00,59753.44,694.0,0.199,15516.0,7,North,1
APP-20127,2023-02-12 08:00,95787.33,681.0,0.293,36664.0,6,North,0
APP-20128,2023-02-12 16:00,74261.11,722.0,0.236,8167.0,12,South,1
APP-20129,2023-02-13 00:00,83342.37,686.0,0.241,35444.0,23,West,1
APP-20130,2023-02-13 08:00,64238.0,669.0,0.296,18185.0,18,East,1
APP-20131,2023-02-13 16:00,56846.27,755.0,0.24,35822.0,23,East,0
APP-20132,2023-02-14 00:00,57018.06,697.0,0.381,30507.0,14,North,1
APP-20133,2023-02-14 08:00,78914.97,626.0,0.269,8646.0,21,East,1
APP-20134,2023-02-14 16:00,76591.23,748.0,0.364,34104.0,1,North,0
APP-20135,2023-02-15 00:00,61720.88,690.0,0.219,28876.0,21,East,0
APP-20136,2023-02-15 08:00,72073.76,736.0,0.217,6131.0,4,West,1
APP-20137,2023-02-15 16:00,79439.27,759.0,0.147,9680.0,18,East,1
APP-20138,2023-02-16 00:00,56541.06,719.0,0.241,27247.0,0,North,1
APP-20139,2023-02-16 08:00,59849.07,618.0,0.261,28191.0,6,North,1
APP-20140,2023-02-16 16:00,71699.61,622.0,0.286,31133.0,17,East,1
APP-20141,2023-02-17 00:00,38170.1,680.0,0.336,30209.0,0,East,0
APP-20142,2023-02-17 08:00,71983.88,707.0,0.33,28083.0,0,North,0
APP-20143,2023-02-17 16:00,48124.26,764.0,0.371,31818.0,6,South,1
APP-20144,2023-02-18 00:00,79124.8,723.0,0.209,25128.0,16,South,0
APP-20145,2023-02-18 08:00,97216.77,828.0,0.282,14128.0,24,East,1
APP-20146,2023-02-18 16:00,54542.48,643.0,0.2,36933.0,5,West,1
APP-20147,2023-02-19 00:00,44755.34,715.0,0.313,5637.0,19,East,1
APP-20148,2023-02-19 08:00,62301.37,690.0,0.424,17830.0,11,West,1
APP-20149,2023-02-19 16:00,61021.1,721.0,0.184,30510.0,19,East,0
APP-20150,2023-02-20 00:00,74910.86,789.0,0.335,19950.0,14,North,0
APP-20151,2023-02-20 08:00,68510.92,792.0,0.364,5869.0,12,East,1
APP-20152,2023-02-20 16:00,60555.05,712.0,0.209,7309.0,11,West,0
APP-20153,2023-02-21 00:00,66359.2,749.0,0.315,27702.0,20,West,1
APP-20154,2023-02-21 08:00,48167.71,720.0,0.251,38770.0,1,East,1
APP-20155,2023-02-21 16:00,77438.23,662.0,0.27,24315.0,20,East,1
APP-20156,2023-02-22 00:00,89269.42,711.0,0.249,22737.0,17,South,0
APP-20157,2023-02-22 08:00,47036.04,687.0,0.262,16141.0,3,East,0
APP-20158,2023-02-22 16:00,41311.21,707.0,0.372,13984.0,9,East,1
APP-20159,2023-02-23 00:00,58968.67,672.0,0.274,5734.0,10,North,0
APP-20160,2023-02-23 08:00,46677.94,717.0,0.232,14553.0,20,West,1
APP-20161,2023-02-23 16:00,45856.73,724.0,0.286,20719.0,5,South,1
APP-20162,2023-02-24 00:00,43969.72,742.0,0.11,11928.0,5,North,0
APP-20163,2023-02-24 08:00,62095.96,724.0,0.215,8057.0,8,East,0
APP-20164,2023-02-24 16:00,58828.66,784.0,0.38,30120.0,19,West,1
APP-20165,2023-02-25 00:00,70598.85,809.0,0.268,36312.0,12,East,0
APP-20166,2023-02-25 08:00,56554.79,692.0,0.242,37787.0,4,East,1
APP-20167,2023-02-25 16:00,46750.35,754.0,0.294,26630.0,5,East,1
APP-20168,2023-02-26 00:00,64746.76,805.0,0.339,6847.0,3,East,0
APP-20169,2023-02-26 08:00,49121.66,755.0,0.386,30930.0,5,West,1
APP-20170,2023-02-26 16:00,72682.57,742.0,0.244,8853.0,17,North,1
APP-20171,2023-02-27 00:00,40006.66,628.0,0.246,28441.0,12,East,1
APP-20172,2023-02-27 08:00,32526.71,685.0,0.262,32278.0,22,East,1
APP-20173,2023-02-27 16:00,40853.41,691.0,0.362,30405.0,2,South,1
APP-20174,2023-02-28 00:00,58725.21,772.0,0.285,38316.0,9,South,0
APP-20175,2023-02-28 08:00,60693.05,677.0,0.453,30835.0,3,West,1
APP-20176,2023-02-28 16:00,67054.13,706.0,0.267,29262.0,24,East,1
APP-20177,2023-03-01 00:00,56529.46,748.0,0.421,14161.0,14,East,0
APP-20178,2023-03-01 08:00,52302.38,675.0,0.209,37367.0,11,East,0
APP-20179,2023-03-01 16:00,86499.12,723.0,0.169,11284.0,14,West,1
APP-20180,2023-03-02 00:00,82533.28,717.0,0.272,36671.0,20,West,1
APP-20181,2023-03-02 08:00,79793.04,749.0,0.371,15943.0,24,East,1
APP-20182,2023-03-02 16:00,69633.44,740.0,0.242,9556.0,9,East,1
APP-20183,2023-03-03 00:00,70827.59,738.0,0.231,33934.0,11,West,0
APP-20184,2023-03-03 08:00,52922.03,719.0,0.362,5087.0,21,East,0
APP-20185,2023-03-03 16:00,67165.37,635.0,0.336,34123.0,7,North,1
APP-20186,2023-03-04 00:00,50901.99,716.0,0.217,14181.0,20,North,1
APP-20187,2023-03-04 08:00,49200.9,712.0,0.212,35965.0,20,West,1
APP-20188,2023-03-04 16:00,40737.65,744.0,0.346,29202.0,2,North,1
APP-20189,2023-03-05 00:00,71091.07,691.0,0.149,28316.0,6,South,1
APP-20190,2023-03-05 08:00,67455.08,712.0,0.366,17786.0,17,East,1
APP-20191,2023-03-05 16:00,60456.73,713.0,0.335,7079.0,2,South,1
APP-20192,2023-03-06 00:00,58492.9,678.0,0.098,34053.0,14,South,0
APP-20193,2023-03-06 08:00,37548.4,658.0,0.281,10982.0,1,South,1
APP-20194,2023-03-06 16:00,68845.99,727.0,0.122,18029.0,14,North,0
APP-20195,2023-03-07 00:00,60266.9,755.0,0.184,26012.0,12,East,1
APP-20196,2023-03-07 08:00,78439.96,682.0,0.24,21879.0,23,East,0
APP-20197,2023-03-07 16:00,67193.17,700.0,0.179,11953.0,19,West,0
APP-20198,2023-03-08 00:00,75586.76,747.0,0.457,9922.0,9,South,0
APP-20199,2023-03-08 08:00,64891.39,752.0,0.349,9314.0,23,North,0
APP-20200,2023-03-08 16:00,67725.17,720.0,0.389,35205.0,23,South,1
APP-20201,2023-03-09 00:00,78966.89,729.0,0.269,6105.0,23,South,1
APP-20202,2023-03-09 08:00,62114.16,734.0,0.282,39195.0,23,East,0
APP-20203,2023-03-09 16:00,72077.82,742.0,0.406,11949.0,7,West,0
APP-20204,2023-03-10 00:00,58347.13,662.0,0.315,8861.0,15,North,1
APP-20205,2023-03-10 08:00,63033.4,796.0,0.329,25194.0,24,East,0
APP-20206,2023-03-10 16:00,88902.86,722.0,0.207,7800.0,15,South,0
APP-20207,2023-03-11 00:00,74607.6,743.0,0.207,26086.0,1,East,1
APP-20208,2023-03-11 08:00,56878.12,676.0,0.301,34772.0,8,South,1
APP-20209,2023-03-11 16:00,71343.79,702.0,0.31,6676.0,7,North,1
APP-20210,2023-03-12 00:00,45800.28,727.0,0.2,32995.0,10,East,1
APP-20211,2023-03-12 08:00,61682.12,629.0,0.309,18807.0,0,East,1
APP-20212,2023-03-12 16:00,50698.64,669.0,0.182,10582.0,20,East,1
APP-20213,2023-03-13 00:00,71778.59,677.0,0.281,11163.0,10,East,0
APP-20214,2023-03-13 08:00,62166.03,652.0,0.165,37157.0,17,East,1
APP-20215,2023-03-13 16:00,69252.18,715.0,0.386,8871.0,20,North,1
APP-20216,2023-03-14 00:00,76612.69,707.0,0.255,35337.0,14,West,1
APP-20217,2023-03-14 08:00,58096.79,774.0,0.225,24049.0,23,North,1
APP-20218,2023-03-14 16:00,58632.74,660.0,0.188,6367.0,8,East,1
APP-20219,2023-03-15 00:00,64444.44,721.0,0.181,21257.0,8,South,1
APP-20220,2023-03-15 08:00,52092.56,670.0,0.315,33611.0,0,South,0
APP-20221,2023-03-15 16:00,64831.81,633.0,0.36,30417.0,6,East,1
APP-20222,2023-03-16 00:00,65623.44,736.0,0.352,22107.0,11,West,0
APP-20223,2023-03-16 08:00,68434.1,740.0,0.392,35102.0,23,East,0
APP-20224,2023-03-16 16:00,71293.26,735.0,0.42,9213.0,9,North,0
APP-20225,2023-03-17 00:00,40953.26,651.0,0.357,36848.0,18,West,1
APP-20226,2023-03-17 08:00,45723.18,714.0,0.24,34625.0,15,West,1
APP-20227,2023-03-17 16:00,47492.24,737.0,0.294,29790.0,5,North,1
APP-20228,2023-03-18 00:00,66389.12,753.0,0.099,33626.0,10,West,0
APP-20229,2023-03-18 08:00,60734.36,738.0,0.331,24034.0,18,East,1
APP-20230,2023-03-18 16:00,30984.13,753.0,0.292,28631.0,24,East,0
APP-20231,2023-03-19 00:00,94205.67,758.0,0.408,24621.0,18,South,1
APP-20232,2023-03-19 08:00,35165.46,715.0,0.221,17440.0,17,North,1
APP-20233,2023-03-19 16:00,65456.36,732.0,0.321,24910.0,24,West,1
APP-20234,2023-03-20 00:00,73450.6,755.0,0.2,14011.0,14,West,0
APP-20235,2023-03-20 08:00,54203.2,728.0,0.271,20410.0,15,West,0
APP-20236,2023-03-20 16:00,74599.4,764.0,0.149,14827.0,13,East,0
APP-20237,2023-03-21 00:00,49877.34,749.0,0.388,9301.0,7,North,1
APP-20238,2023-03-21 08:00,67566.52,682.0,0.364,16265.0,7,East,1
APP-20239,2023-03-21 16:00,32291.8,651.0,0.242,34820.0,1,West,1
APP-20240,2023-03-22 00:00,82598.44,711.0,0.301,18338.0,5,East,0
APP-20241,2023-03-22 08:00,65013.13,657.0,0.283,31180.0,12,West,1
APP-20242,2023-03-22 16:00,41079.31,714.0,0.231,11132.0,12,West,1
APP-20243,2023-03-23 00:00,74431.31,710.0,0.29,19855.0,20,East,0
APP-20244,2023-03-23 08:00,89482.28,769.0,0.245,9020.0,11,West,0
APP-20245,2023-03-23 16:00,51103.84,733.0,0.358,9852.0,1,East,0
APP-20246,2023-03-24 00:00,61846.82,754.0,0.263,26610.0,20,South,0
APP-20247,2023-03-24 08:00,57277.64,688.0,0.471,26262.0,19,East,1
APP-20248,2023-03-24 16:00,53446.75,779.0,0.274,12468.0,24,South,1
APP-20249,2023-03-25 00:00,51866.57,750.0,0.289,21605.0,11,South,1
APP-20250,2023-03-25 08:00,55303.13,729.0,0.322,35216.0,16,East,0
APP-20251,2023-03-25 16:00,56114.29,629.0,0.347,11097.0,5,North,1
APP-20252,2023-03-26 00:00,59653.05,763.0,0.286,5672.0,6,North,1
APP-20253,2023-03-26 08:00,58563.85,790.0,0.321,27820.0,5,East,1
APP-20254,2023-03-26 16:00,76417.57,711.0,0.295,6872.0,20,East,1
APP-20255,2023-03-27 00:00,75078.14,711.0,0.218,39298.0,3,West,0
APP-20256,2023-03-27 08:00,41997.49,687.0,0.196,26337.0,20,West,1
APP-20257,2023-03-27 16:00,56096.14,637.0,0.336,21464.0,8,East,1
APP-20258,2023-03-28 00:00,83758.36,685.0,0.401,20050.0,4,North,1
APP-20259,2023-03-28 08:00,69410.37,785.0,0.15,25057.0,9,West,0
APP-20260,2023-03-28 16:00,70017.06,759.0,0.165,8172.0,14,West,0
APP-20261,2023-03-29 00:00,68584.68,675.0,0.164,37551.0,7,North,0
APP-20262,2023-03-29 08:00,61075.08,684.0,0.342,26897.0,22,East,1
APP-20263,2023-03-29 16:00,64384.28,806.0,0.349,11439.0,3,North,0
APP-20264,2023-03-30 00:00,58941.52,664.0,0.202,24690.0,4,South,1
APP-20265,2023-03-30 08:00,77836.03,678.0,0.456,9664.0,6,West,0
APP-20266,2023-03-30 16:00,59078.33,691.0,0.249,5614.0,5,West,1
APP-20267,2023-03-31 00:00,63305.65,649.0,0.395,27068.0,12,West,1
APP-20268,2023-03-31 08:00,76030.06,686.0,0.345,27697.0,18,North,1
APP-20269,2023-03-31 16:00,60083.12,686.0,0.203,25429.0,9,North,1
APP-20270,2023-04-01 00:00,63939.2,669.0,0.247,11422.0,14,East,1
APP-20271,2023-04-01 08:00,59627.03,770.0,0.21,26120.0,2,West,0
APP-20272,2023-04-01 16:00,63659.98,657.0,0.172,6978.0,17,South,0
APP-20273,2023-04-02 00:00,60135.17,704.0,0.26,26323.0,13,East,1
APP-20274,2023-04-02 08:00,56962.15,671.0,0.184,24391.0,2,North,1
APP-20275,2023-04-02 16:00,54380.71,701.0,0.266,27934.0,10,South,1
APP-20276,2023-04-03 00:00,62413.24,668.0,0.435,36342.0,9,East,1
APP-20277,2023-04-03 08:00,80273.57,713.0,0.336,34763.0,16,North,1
APP-20278,2023-04-03 16:00,74355.46,724.0,0.235,39323.0,12,South,0
APP-20279,2023-04-04 00:00,41312.27,773.0,0.229,39168.0,24,East,1
APP-20280,2023-04-04 08:00,58562.76,684.0,0.248,32031.0,1,South,1
APP-20281,2023-04-04 16:00,55424.92,783.0,0.446,38475.0,12,North,1
APP-20282,2023-04-05 00:00,41565.15,674.0,0.193,35355.0,18,East,1
APP-20283,2023-04-05 08:00,69129.18,699.0,0.28,30465.0,4,North,0
APP-20284,2023-04-05 16:00,63558.63,789.0,0.317,7638.0,15,West,1
APP-20285,2023-04-06 00:00,95344.13,841.0,0.377,6717.0,9,West,1
APP-20286,2023-04-06 08:00,59989.69,786.0,0.253,34316.0,11,South,1
APP-20287,2023-04-06 16:00,53357.37,700.0,0.203,22138.0,19,West,1
APP-20288,2023-04-07 00:00,51905.93,733.0,0.303,33511.0,12,North,0
APP-20289,2023-04-07 08:00,58226.14,741.0,0.385,15952.0,20,South,1
APP-20290,2023-04-07 16:00,73854.9,726.0,0.258,18918.0,15,East,0
APP-20291,2023-04-08 00:00,75573.02,665.0,0.213,29507.0,21,North,1
APP-20292,2023-04-08 08:00,108892.36,721.0,0.289,37036.0,20,East,0
APP-20293,2023-04-08 16:00,46901.28,687.0,0.15,8072.0,0,East,0
APP-20294,2023-04-09 00:00,66293.52,666.0,0.263,35152.0,21,East,1
APP-20295,2023-04-09 08:00,54735.78,696.0,0.374,32755.0,8,East,0
APP-20296,2023-04-09 16:00,70257.5,724.0,0.35,16044.0,15,North,1
APP-20297,2023-04-10 00:00,85747.36,755.0,0.268,17433.0,18,West,0
APP-20298,2023-04-10 08:00,77931.67,699.0,0.413,6626.0,14,North,0
APP-20299,2023-04-10 16:00,46885.93,706.0,0.433,5551.0,17,West,0
APP-20300,2023-04-11 00:00,75269.86,746.0,0.333,21695.0,21,East,0
APP-20301,2023-04-11 08:00,33299.74,713.0,0.163,8344.0,11,West,0
APP-20302,2023-04-11 16:00,29301.21,727.0,0.13,11790.0,13,East,0
APP-20303,2023-04-12 00:00,61264.24,714.0,0.391,34637.0,2,South,1
APP-20304,2023-04-12 08:00,74160.2,719.0,0.3,24986.0,3,East,1
APP-20305,2023-04-12 16:00,70222.95,661.0,0.411,27177.0,5,West,0
APP-20306,2023-04-13 00:00,93586.82,716.0,0.173,11562.0,15,South,1
APP-20307,2023-04-13 08:00,66639.9,774.0,0.267,34003.0,12,South,0
APP-20308,2023-04-13 16:00,63397.12,718.0,0.362,35379.0,11,East,1
APP-20309,2023-04-14 00:00,82327.89,672.0,0.222,23316.0,21,North,1
APP-20310,2023-04-14 08:00,59388.01,776.0,0.361,36940.0,11,West,0
APP-20311,2023-04-14 16:00,70831.22,742.0,0.27,34569.0,1,South,0
APP-20312,2023-04-15 00:00,71734.64,745.0,0.282,30596.0,12,North,0
APP-20313,2023-04-15 08:00,50423.48,743.0,0.185,30693.0,2,East,1
APP-20314,2023-04-15 16:00,70812.0,659.0,0.3,8689.0,12,East,1
APP-20315,2023-04-16 00:00,97775.4,739.0,0.455,14479.0,24,East,1
APP-20316,2023-04-16 08:00,82049.75,772.0,0.311,7340.0,1,East,1
APP-20317,2023-04-16 16:00,52410.66,688.0,0.217,5304.0,18,West,1
APP-20318,2023-04-17 00:00,100079.76,623.0,0.392,10541.0,8,South,1
APP-20319,2023-04-17 08:00,75339.05,726.0,0.219,35817.0,19,West,1
APP-20320,2023-04-17 16:00,71363.74,711.0,0.418,13396.0,0,South,1
APP-20321,2023-04-18 00:00,63541.68,640.0,0.178,38955.0,12,North,1
APP-20322,2023-04-18 08:00,75240.58,737.0,0.302,25905.0,1,North,1
APP-20323,2023-04-18 16:00,66676.77,734.0,0.402,13304.0,14,South,1
APP-20324,2023-04-19 00:00,65294.67,644.0,0.211,22400.0,18,East,0
APP-20325,2023-04-19 08:00,63003.37,795.0,0.287,12668.0,24,North,0
APP-20326,2023-04-19 16:00,79606.5,744.0,0.373,39439.0,24,West,1
APP-20327,2023-04-20 00:00,77944.1,625.0,0.1,34654.0,15,South,1
APP-20328,2023-04-20 08:00,62759.09,747.0,0.354,5918.0,10,North,0
APP-20329,2023-04-20 16:00,42215.23,746.0,0.273,38172.0,14,South,0
APP-20330,2023-04-21 00:00,65540.99,774.0,0.395,30237.0,5,East,0
APP-20331,2023-04-21 08:00,54231.85,682.0,0.214,7883.0,13,South,1
APP-20332,2023-04-21 16:00,57896.31,747.0,0.169,28472.0,5,North,0
APP-20333,2023-04-22 00:00,63127.21,699.0,0.237,27642.0,18,South,0
APP-20334,2023-04-22 08:00,49095.26,685.0,0.235,12658.0,4,North,1
APP-20335,2023-04-22 16:00,40845.53,671.0,0.263,31546.0,10,North,0
APP-20336,2023-04-23 00:00,69379.6,624.0,0.243,8047.0,3,North,1
APP-20337,2023-04-23 08:00,65402.44,734.0,0.119,22131.0,8,West,1
APP-20338,2023-04-23 16:00,64828.86,698.0,0.272,5347.0,8,East,0
APP-20339,2023-04-24 00:00,72661.5,587.0,0.299,38906.0,16,East,1
APP-20340,2023-04-24 08:00,55106.93,713.0,0.265,31305.0,7,South,1
APP-20341,2023-04-24 16:00,69987.1,762.0,0.303,10560.0,14,South,1
APP-20342,2023-04-25 00:00,85061.33,651.0,0.287,16959.0,8,North,0
APP-20343,2023-04-25 08:00,61179.41,678.0,0.169,10620.0,4,East,1
APP-20344,2023-04-25 16:00,93490.76,730.0,0.256,31832.0,3,South,1
APP-20345,2023-04-26 00:00,65749.92,595.0,0.289,7061.0,19,South,1
APP-20346,2023-04-26 08:00,52214.31,686.0,0.261,34414.0,17,East,0
APP-20347,2023-04-26 16:00,77745.26,726.0,0.161,37977.0,8,North,0
APP-20348,2023-04-27 00:00,63311.59,685.0,0.378,28682.0,20,South,1
APP-20349,2023-04-27 08:00,80788.26,652.0,0.202,12454.0,2,North,1
APP-20350,2023-04-27 16:00,71200.19,654.0,0.181,17603.0,21,East,1
APP-20351,2023-04-28 00:00,60082.57,637.0,0.283,21703.0,8,East,1
APP-20352,2023-04-28 08:00,87815.22,682.0,0.255,26162.0,8,South,0
APP-20353,2023-04-28 16:00,57509.43,758.0,0.328,28403.0,20,South,1
APP-20354,2023-04-29 00:00,32515.72,816.0,0.35,24398.0,23,East,0
APP-20355,2023-04-29 08:00,78208.7,712.0,0.338,17296.0,3,North,0
APP-20356,2023-04-29 16:00,70248.98,745.0,0.28,36182.0,20,North,1
APP-20357,2023-04-30 00:00,84255.79,668.0,0.324,7849.0,6,West,1
APP-20358,2023-04-30 08:00,51774.89,616.0,0.155,21319.0,6,East,1
APP-20359,2023-04-30 16:00,61292.73,793.0,0.368,32145.0,22,South,0
APP-20360,2023-05-01 00:00,59599.37,683.0,0.248,7131.0,7,East,1
APP-20361,2023-05-01 08:00,79006.43,742.0,0.438,29687.0,20,South,1
APP-20362,2023-05-01 16:00,74762.75,717.0,0.37,33690.0,0,North,1
APP-20363,2023-05-02 00:00,68222.01,755.0,0.264,28129.0,8,South,0
APP-20364,2023-05-02 08:00,68318.67,753.0,0.282,5453.0,24,West,1
APP-20365,2023-05-02 16:00,47735.43,722.0,0.375,11305.0,22,North,0
APP-20366,2023-05-03 00:00,76530.23,727.0,0.099,16974.0,11,West,0
APP-20367,2023-05-03 08:00,76836.82,765.0,0.267,13179.0,5,East,0
APP-20368,2023-05-03 16:00,99366.61,692.0,0.416,38693.0,12,South,1
APP-20369,2023-05-04 00:00,72061.77,780.0,0.348,27806.0,4,North,1
APP-20370,2023-05-04 08:00,74486.88,678.0,0.213,15394.0,20,South,1
APP-20371,2023-05-04 16:00,72164.02,713.0,0.305,37539.0,18,West,1
APP-20372,2023-05-05 00:00,54549.43,738.0,0.202,30921.0,0,North,0
APP-20373,2023-05-05 08:00,83741.02,637.0,0.253,14961.0,21,West,1
APP-20374,2023-05-05 16:00,64163.81,772.0,0.307,18261.0,23,North,0
APP-20375,2023-05-06 00:00,62105.62,731.0,0.321,11980.0,17,East,1
APP-20376,2023-05-06 08:00,62977.8,850.0,0.338,38988.0,7,East,0
APP-20377,2023-05-06 16:00,64010.85,804.0,0.379,23105.0,23,South,1
APP-20378,2023-05-07 00:00,57703.86,710.0,0.185,36362.0,7,West,1
APP-20379,2023-05-07 08:00,68228.58,790.0,0.282,17127.0,14,West,0
APP-20380,2023-05-07 16:00,63550.87,748.0,0.212,35129.0,18,North,0
APP-20381,2023-05-08 00:00,62274.36,720.0,0.248,6886.0,9,East,1
APP-20382,2023-05-08 08:00,72347.37,635.0,0.22,39373.0,23,South,1
APP-20383,2023-05-08 16:00,66136.83,646.0,0.32,36921.0,15,East,1
APP-20384,2023-05-09 00:00,56687.96,710.0,0.364,17712.0,10,West,0
APP-20385,2023-05-09 08:00,53546.89,688.0,0.369,32115.0,11,South,1
APP-20386,2023-05-09 16:00,66476.03,720.0,0.192,31329.0,15,East,0
APP-20387,2023-05-10 00:00,53800.52,772.0,0.27,36544.0,15,East,0
APP-20388,2023-05-10 08:00,52720.82,749.0,0.189,15754.0,19,North,1
APP-20389,2023-05-10 16:00,52932.85,679.0,0.187,21293.0,2,North,1
APP-20390,2023-05-11 00:00,68824.77,752.0,0.227,35275.0,8,West,1
APP-20391,2023-05-11 08:00,82903.14,669.0,0.307,32250.0,7,East,1
APP-20392,2023-05-11 16:00,70216.41,659.0,0.322,18771.0,9,North,1
APP-20393,2023-05-12 00:00,78302.33,727.0,0.332,34600.0,12,East,1
APP-20394,2023-05-12 08:00,63954.47,673.0,0.327,6643.0,17,South,1
APP-20395,2023-05-12 16:00,67133.38,681.0,0.212,32372.0,12,East,1
APP-20396,2023-05-13 00:00,89794.94,755.0,0.375,12237.0,12,East,0
APP-20397,2023-05-13 08:00,77430.57,740.0,0.344,15014.0,14,West,0
APP-20398,2023-05-13 16:00,79055.4,693.0,0.247,22263.0,12,South,1
APP-20399,2023-05-14 00:00,61036.93,637.0,0.25,20741.0,15,South,1
APP-20400,2023-05-14 08:00,64920.98,677.0,0.227,23220.0,7,North,0
APP-20401,2023-05-14 16:00,71084.97,797.0,0.177,24067.0,18,South,0
APP-20402,2023-05-15 00:00,55903.97,753.0,0.333,16603.0,9,West,0
APP-20403,2023-05-15 08:00,29552.31,774.0,0.346,11133.0,11,North,1
APP-20404,2023-05-15 16:00,70947.0,722.0,0.206,31897.0,13,East,0
APP-20405,2023-05-16 00:00,79420.5,694.0,0.181,18999.0,5,South,1
APP-20406,2023-05-16 08:00,65828.03,751.0,0.205,22704.0,20,East,0
APP-20407,2023-05-16 16:00,56061.39,768.0,0.289,27564.0,23,North,1
APP-20408,2023-05-17 00:00,60039.56,688.0,0.169,36837.0,8,South,1
APP-20409,2023-05-17 08:00,34575.9,678.0,0.37,29764.0,6,North,1
APP-20410,2023-05-17 16:00,60001.61,642.0,0.365,6591.0,5,North,1
APP-20411,2023-05-18 00:00,48273.73,677.0,0.314,34350.0,21,South,1
APP-20412,2023-05-18 08:00,54505.38,740.0,0.345,39627.0,0,South,0
APP-20413,2023-05-18 16:00,47514.75,683.0,0.285,21537.0,20,North,0
APP-20414,2023-05-19 00:00,45785.34,752.0,0.317,38936.0,13,West,0
APP-20415,2023-05-19 08:00,49938.31,799.0,0.176,24157.0,23,South,0
APP-20416,2023-05-19 16:00,74492.28,711.0,0.391,21087.0,5,North,0
APP-20417,2023-05-20 00:00,57353.15,709.0,0.241,16599.0,11,East,1
APP-20418,2023-05-20 08:00,48381.12,735.0,0.27,28014.0,16,East,1
APP-20419,2023-05-20 16:00,76310.21,684.0,0.479,13044.0,4,South,0
APP-20420,2023-05-21 00:00,66934.58,681.0,0.262,8673.0,10,South,1
APP-20421,2023-05-21 08:00,29545.02,682.0,0.339,5953.0,4,East,1
APP-20422,2023-05-21 16:00,79934.37,658.0,0.321,15233.0,11,North,1
APP-20423,2023-05-22 00:00,66081.1,750.0,0.173,18852.0,2,North,0
APP-20424,2023-05-22 08:00,76555.61,688.0,0.2,24323.0,23,North,1
APP-20425,2023-05-22 16:00,61621.66,760.0,0.443,15246.0,8,West,1
APP-20426,2023-05-23 00:00,89070.36,734.0,0.326,39442.0,5,South,0
APP-20427,2023-05-23 08:00,59271.67,709.0,0.279,15211.0,21,West,0
APP-20428,2023-05-23 16:00,25462.42,746.0,0.237,20434.0,1,West,1
APP-20429,2023-05-24 00:00,51659.45,668.0,0.306,8615.0,1,West,1
APP-20430,2023-05-24 08:00,72532.09,675.0,0.313,14122.0,21,West,1
APP-20431,2023-05-24 16:00,67386.3,742.0,0.298,6692.0,11,North,0
APP-20432,2023-05-25 00:00,63162.29,611.0,0.366,24583.0,7,South,1
APP-20433,2023-05-25 08:00,50204.21,711.0,0.211,31287.0,1,South,0
APP-20434,2023-05-25 16:00,65276.29,737.0,0.2,11850.0,8,West,1
APP-20435,2023-05-26 00:00,64784.37,769.0,0.363,17877.0,15,South,1
APP-20436,2023-05-26 08:00,64630.26,778.0,0.449,5582.0,24,East,1
APP-20437,2023-05-26 16:00,73065.05,704.0,0.347,34383.0,14,North,1
APP-20438,2023-05-27 00:00,67726.53,745.0,0.384,32299.0,13,South,1
APP-20439,2023-05-27 08:00,61215.56,674.0,0.274,7214.0,19,North,0
APP-20440,2023-05-27 16:00,49961.53,690.0,0.301,17770.0,3,East,1
APP-20441,2023-05-28 00:00,85399.93,772.0,0.3,38435.0,3,North,0
APP-20442,2023-05-28 08:00,94724.02,708.0,0.276,18721.0,10,East,1
APP-20443,2023-05-28 16:00,91163.15,717.0,0.393,23417.0,20,West,0
APP-20444,2023-05-29 00:00,75486.21,664.0,0.369,17434.0,23,South,1
APP-20445,2023-05-29 08:00,39873.79,729.0,0.248,25865.0,17,West,0
APP-20446,2023-05-29 16:00,38039.98,744.0,0.148,39235.0,4,South,1
APP-20447,2023-05-30 00:00,56773.66,743.0,0.275,39913.0,1,West,0
APP-20448,2023-05-30 08:00,64178.73,655.0,0.188,32115.0,14,East,1
APP-20449,2023-05-30 16:00,63562.59,755.0,0.282,19151.0,10,South,1
APP-20450,2023-05-31 00:00,67906.28,665.0,0.194,22305.0,23,West,1
APP-20451,2023-05-31 08:00,44113.3,709.0,0.381,17486.0,16,North,1
APP-20452,2023-05-31 16:00,89111.29,637.0,0.335,39495.0,15,North,1
APP-20453,2023-06-01 00:00,87578.58,702.0,0.333,29772.0,14,West,0
APP-20454,2023-06-01 08:00,45329.69,665.0,0.366,20713.0,22,East,1
APP-20455,2023-06-01 16:00,37076.85,690.0,0.311,5424.0,2,West,1
APP-20456,2023-06-02 00:00,63653.82,713.0,0.324,23217.0,19,North,1
APP-20457,2023-06-02 08:00,83931.36,747.0,0.395,39437.0,14,South,0
APP-20458,2023-06-02 16:00,64517.29,746.0,0.269,23307.0,23,South,1
APP-20459,2023-06-03 00:00,68899.33,605.0,0.328,11385.0,18,West,1
APP-20460,2023-06-03 08:00,58404.33,741.0,0.196,5773.0,12,South,1
APP-20461,2023-06-03 16:00,67194.19,719.0,0.286,17415.0,15,North,0
APP-20462,2023-06-04 00:00,79167.16,685.0,0.461,37138.0,22,South,1
APP-20463,2023-06-04 08:00,71181.64,670.0,0.345,39879.0,11,West,1
APP-20464,2023-06-04 16:00,73632.63,707.0,0.273,38088.0,16,West,1
APP-20465,2023-06-05 00:00,40051.48,720.0,0.301,30530.0,15,West,1
APP-20466,2023-06-05 08:00,97074.23,727.0,0.278,24535.0,8,North,1
APP-20467,2023-06-05 16:00,40231.19,701.0,0.299,25674.0,5,East,1
APP-20468,2023-06-06 00:00,67346.33,596.0,0.248,23865.0,18,South,1
APP-20469,2023-06-06 08:00,62743.28,688.0,0.32,29747.0,22,West,1
APP-20470,2023-06-06 16:00,63396.4,657.0,0.322,19661.0,12,East,0
APP-20471,2023-06-07 00:00,78047.39,802.0,0.281,28422.0,20,West,1
APP-20472,2023-06-07 08:00,54382.84,713.0,0.291,9256.0,23,West,1
APP-20473,2023-06-07 16:00,58509.39,743.0,0.307,14299.0,7,North,0
APP-20474,2023-06-08 00:00,47800.92,739.0,0.238,34260.0,11,North,1
APP-20475,2023-06-08 08:00,81832.38,724.0,0.319,36631.0,8,East,1
APP-20476,2023-06-08 16:00,68991.28,691.0,0.342,23865.0,21,West,1
APP-20477,2023-06-09 00:00,74558.27,686.0,0.397,6107.0,3,South,1
APP-20478,2023-06-09 08:00,77179.76,619.0,0.305,37444.0,12,South,1
APP-20479,2023-06-09 16:00,94871.19,716.0,0.236,29572.0,1,South,0
APP-20480,2023-06-10 00:00,92254.19,724.0,0.272,19491.0,2,East,1
APP-20481,2023-06-10 08:00,69845.62,708.0,0.189,25943.0,4,North,0
APP-20482,2023-06-10 16:00,67369.44,716.0,0.338,20042.0,23,East,0
APP-20483,2023-06-11 00:00,57017.87,656.0,0.115,21287.0,17,North,1
APP-20484,2023-06-11 08:00,76162.37,697.0,0.362,36038.0,20,South,0
APP-20485,2023-06-11 16:00,75606.69,681.0,0.372,10638.0,13,South,0
APP-20486,2023-06-12 00:00,54059.13,740.0,0.05,8628.0,24,North,0
APP-20487,2023-06-12 08:00,75796.74,712.0,0.382,5096.0,1,South,1
APP-20488,2023-06-12 16:00,80125.32,681.0,0.362,15990.0,14,East,0
APP-20489,2023-06-13 00:00,48175.3,703.0,0.257,10159.0,7,North,1
APP-20490,2023-06-13 08:00,67848.71,663.0,0.185,12699.0,15,South,1
APP-20491,2023-06-13 16:00,64014.07,695.0,0.213,5393.0,2,West,1
APP-20492,2023-06-14 00:00,64919.2,736.0,0.219,12952.0,23,South,0
APP-20493,2023-06-14 08:00,50710.2,650.0,0.385,16645.0,19,West,0
APP-20494,2023-06-14 16:00,37601.66,707.0,0.244,6105.0,19,South,1
APP-20495,2023-06-15 00:00,53668.76,676.0,0.352,26277.0,22,West,0
APP-20496,2023-06-15 08:00,51568.13,650.0,0.27,24908.0,4,South,1
APP-20497,2023-06-15 16:00,70298.35,794.0,0.284,8396.0,3,West,1
APP-20498,2023-06-16 00:00,70542.7,766.0,0.154,25825.0,22,North,0
APP-20499,2023-06-16 08:00,69688.88,683.0,0.188,39953.0,11,North,0
APP-20500,2023-06-16 16:00,44049.04,697.0,0.383,38056.0,18,West,1
APP-20501,2023-06-17 00:00,48206.62,619.0,0.268,5093.0,14,South,1
APP-20502,2023-06-17 08:00,55749.91,638.0,0.304,32838.0,24,East,1
APP-20503,2023-06-17 16:00,65347.15,659.0,0.425,17376.0,12,East,1
APP-20504,2023-06-18 00:00,59973.39,708.0,0.27,7228.0,4,East,1
APP-20505,2023-06-18 08:00,69659.59,705.0,0.265,15359.0,11,East,1
APP-20506,2023-06-18 16:00,79632.05,725.0,0.376,16261.0,18,West,0
APP-20507,2023-06-19 00:00,50010.59,741.0,0.281,23314.0,1,North,1
APP-20508,2023-06-19 08:00,50580.94,723.0,0.306,28138.0,6,North,0
APP-20509,2023-06-19 16:00,67030.4,661.0,0.36,31217.0,22,East,1
APP-20510,2023-06-20 00:00,63769.54,725.0,0.28,13607.0,4,North,1
APP-20511,2023-06-20 08:00,76150.45,739.0,0.343,16262.0,19,West,0
APP-20512,2023-06-20 16:00,65113.65,691.0,0.271,15793.0,10,East,0
APP-20513,2023-06-21 00:00,91107.82,627.0,0.358,17696.0,17,West,1
APP-20514,2023-06-21 08:00,41181.88,763.0,0.314,39988.0,17,West,0
APP-20515,2023-06-21 16:00,77603.25,714.0,0.262,32228.0,6,South,0
APP-20516,2023-06-22 00:00,67989.89,585.0,0.286,39125.0,9,West,1
APP-20517,2023-06-22 08:00,43954.98,803.0,0.084,29259.0,22,South,1
APP-20518,2023-06-22 16:00,33980.61,688.0,0.376,19219.0,19,East,1
APP-20519,2023-06-23 00:00,48124.71,820.0,0.18,18641.0,13,West,0
APP-20520,2023-06-23 08:00,83136.32,727.0,0.194,22100.0,19,North,1
APP-20521,2023-06-23 16:00,81428.47,701.0,0.245,19590.0,19,East,1
APP-20522,2023-06-24 00:00,63070.21,718.0,0.137,33991.0,10,West,1
APP-20523,2023-06-24 08:00,59565.91,678.0,0.317,21275.0,1,West,0
APP-20524,2023-06-24 16:00,52158.55,713.0,0.309,15347.0,12,North,1
APP-20525,2023-06-25 00:00,62189.16,800.0,0.241,32120.0,12,South,0
APP-20526,2023-06-25 08:00,57887.57,670.0,0.226,34905.0,8,West,1
APP-20527,2023-06-25 16:00,90649.13,734.0,0.225,19715.0,16,West,0
APP-20528,2023-06-26 00:00,46451.67,678.0,0.329,28373.0,14,North,1
APP-20529,2023-06-26 08:00,70886.57,702.0,0.153,7058.0,23,East,0
APP-20530,2023-06-26 16:00,91356.07,799.0,0.247,23531.0,21,West,0
APP-20531,2023-06-27 00:00,76618.74,734.0,0.158,6574.0,22,South,0
APP-20532,2023-06-27 08:00,48135.85,744.0,0.341,6022.0,20,South,1
APP-20533,2023-06-27 16:00,41865.05,713.0,0.253,26452.0,21,North,1
APP-20534,2023-06-28 00:00,69116.02,831.0,0.324,15617.0,21,South,0
APP-20535,2023-06-28 08:00,67257.85,667.0,0.38,30989.0,15,West,0
APP-20536,2023-06-28 16:00,83486.14,639.0,0.381,36363.0,24,South,0
APP-20537,2023-06-29 00:00,73226.72,786.0,0.198,9879.0,9,West,0
APP-20538,2023-06-29 08:00,57727.4,693.0,0.305,30358.0,19,North,1
APP-20539,2023-06-29 16:00,56709.28,728.0,0.37,23008.0,11,South,1
APP-20540,2023-06-30 00:00,45407.63,787.0,0.336,8924.0,4,West,1
APP-20541,2023-06-30 08:00,66940.47,729.0,0.344,27806.0,19,East,1
APP-20542,2023-06-30 16:00,43933.28,810.0,0.137,26331.0,16,West,1
APP-20543,2023-07-01 00:00,78649.86,716.0,0.334,23047.0,9,West,1
APP-20544,2023-07-01 08:00,73837.33,678.0,0.217,37426.0,5,North,1
APP-20545,2023-07-01 16:00,73361.84,604.0,0.333,23238.0,20,West,1
APP-20546,2023-07-02 00:00,45172.59,724.0,0.331,39668.0,19,North,1
APP-20547,2023-07-02 08:00,62750.55,609.0,0.327,22823.0,5,West,1
APP-20548,2023-07-02 16:00,59160.42,725.0,0.271,9055.0,11,West,1
APP-20549,2023-07-03 00:00,66542.1,776.0,0.385,21466.0,20,West,1
APP-20550,2023-07-03 08:00,72927.69,709.0,0.321,11382.0,18,North,0
APP-20551,2023-07-03 16:00,57296.04,719.0,0.306,25900.0,1,West,1
APP-20552,2023-07-04 00:00,57860.25,751.0,0.205,29260.0,12,North,0
APP-20553,2023-07-04 08:00,75198.92,740.0,0.312,21395.0,21,East,1
APP-20554,2023-07-04 16:00,48057.5,762.0,0.438,8420.0,19,North,1
APP-20555,2023-07-05 00:00,53800.08,709.0,0.169,21402.0,10,East,1
APP-20556,2023-07-05 08:00,65087.55,609.0,0.338,7851.0,14,North,1
APP-20557,2023-07-05 16:00,78495.81,763.0,0.348,28874.0,12,North,1
APP-20558,2023-07-06 00:00,50468.38,699.0,0.418,32663.0,2,West,1
APP-20559,2023-07-06 08:00,91845.48,670.0,0.338,38683.0,13,South,1
APP-20560,2023-07-06 16:00,44740.06,725.0,0.281,10208.0,7,South,1
APP-20561,2023-07-07 00:00,88254.18,718.0,0.314,23635.0,8,West,1
APP-20562,2023-07-07 08:00,82993.85,676.0,0.259,24864.0,14,East,1
APP-20563,2023-07-07 16:00,43548.48,652.0,0.378,37287.0,22,West,0
APP-20564,2023-07-08 00:00,40516.95,731.0,0.156,26955.0,17,South,0
APP-20565,2023-07-08 08:00,75797.96,672.0,0.241,10093.0,7,North,1
APP-20566,2023-07-08 16:00,59338.98,715.0,0.316,20272.0,10,West,1
APP-20567,2023-07-09 00:00,49895.79,727.0,0.374,27917.0,4,East,1
APP-20568,2023-07-09 08:00,92175.52,754.0,0.279,29510.0,14,West,0
APP-20569,2023-07-09 16:00,47091.46,805.0,0.217,35208.0,14,South,1
APP-20570,2023-07-10 00:00,54095.92,721.0,0.263,11318.0,6,North,0
APP-20571,2023-07-10 08:00,55874.03,691.0,0.251,38304.0,20,South,1
APP-20572,2023-07-10 16:00,23008.27,785.0,0.254,7070.0,17,South,0
APP-20573,2023-07-11 00:00,66370.52,757.0,0.245,39432.0,11,South,1
APP-20574,2023-07-11 08:00,51326.62,718.0,0.245,35022.0,11,South,1
APP-20575,2023-07-11 16:00,77158.04,721.0,0.143,28110.0,3,North,0
APP-20576,2023-07-12 00:00,79118.94,711.0,0.304,30725.0,10,South,0
APP-20577,2023-07-12 08:00,68475.82,717.0,0.334,7544.0,20,East,0
APP-20578,2023-07-12 16:00,68645.7,705.0,0.4,6452.0,5,East,1
APP-20579,2023-07-13 00:00,67453.84,666.0,0.349,8562.0,20,South,1
APP-20580,2023-07-13 08:00,54493.94,710.0,0.345,8058.0,9,East,1
APP-20581,2023-07-13 16:00,55777.58,789.0,0.304,24158.0,14,South,0
APP-20582,2023-07-14 00:00,84848.4,673.0,0.139,12541.0,0,North,0
APP-20583,2023-07-14 08:00,76028.62,698.0,0.302,35107.0,16,North,1
APP-20584,2023-07-14 16:00,68091.3,670.0,0.289,20601.0,2,East,1
APP-20585,2023-07-15 00:00,74000.98,762.0,0.362,29343.0,24,East,0
APP-20586,2023-07-15 08:00,64083.75,747.0,0.325,27851.0,10,South,0
APP-20587,2023-07-15 16:00,67774.2,652.0,0.27,16195.0,17,West,0
APP-20588,2023-07-16 00:00,73917.75,619.0,0.437,13511.0,9,South,1
APP-20589,2023-07-16 08:00,33885.79,749.0,0.348,16986.0,20,South,1
APP-20590,2023-07-16 16:00,78592.08,650.0,0.307,32883.0,8,North,1
APP-20591,2023-07-17 00:00,77515.1,747.0,0.316,25520.0,6,West,1
APP-20592,2023-07-17 08:00,53289.68,681.0,0.285,13874.0,10,West,1
APP-20593,2023-07-17 16:00,83661.54,741.0,0.281,33625.0,7,South,0
APP-20594,2023-07-18 00:00,31740.28,730.0,0.106,6917.0,1,North,0
APP-20595,2023-07-18 08:00,70294.3,686.0,0.207,29471.0,4,East,0
APP-20596,2023-07-18 16:00,65599.0,670.0,0.237,20369.0,8,North,1
APP-20597,2023-07-19 00:00,60357.93,736.0,0.316,30595.0,0,East,0
APP-20598,2023-07-19 08:00,65290.51,679.0,0.148,37461.0,16,North,1
APP-20599,2023-07-19 16:00,73740.96,760.0,0.238,31251.0,9,West,1
APP-20600,2023-07-20 00:00,37916.48,673.0,0.228,20469.0,7,North,1
APP-20601,2023-07-20 08:00,80014.47,726.0,0.289,10284.0,17,South,0
APP-20602,2023-07-20 16:00,58845.9,692.0,0.316,33222.0,24,East,1
APP-20603,2023-07-21 00:00,80231.79,710.0,0.228,21125.0,9,North,0
APP-20604,2023-07-21 08:00,74652.77,678.0,0.234,7636.0,8,North,0
APP-20605,2023-07-21 16:00,58533.95,702.0,0.226,30167.0,3,East,1
APP-20606,2023-07-22 00:00,63810.11,595.0,0.249,15215.0,1,North,1
APP-20607,2023-07-22 08:00,64691.31,673.0,0.276,6711.0,18,East,1
APP-20608,2023-07-22 16:00,89093.91,684.0,0.385,36596.0,9,West,1
APP-20609,2023-07-23 00:00,47893.31,707.0,0.199,21909.0,16,East,0
APP-20610,2023-07-23 08:00,58428.91,768.0,0.42,14834.0,2,East,1
APP-20611,2023-07-23 16:00,41267.18,679.0,0.181,30074.0,20,West,0
APP-20612,2023-07-24 00:00,66858.62,774.0,0.356,36007.0,18,North,1
APP-20613,2023-07-24 08:00,55647.36,671.0,0.242,5011.0,18,North,1
APP-20614,2023-07-24 16:00,57467.43,660.0,0.207,29075.0,21,West,1
APP-20615,2023-07-25 00:00,87270.36,625.0,0.385,31845.0,18,South,1
APP-20616,2023-07-25 08:00,52649.46,737.0,0.287,12347.0,18,East,1
APP-20617,2023-07-25 16:00,62607.17,714.0,0.283,22137.0,14,North,0
APP-20618,2023-07-26 00:00,58121.0,735.0,0.258,8125.0,24,North,0
APP-20619,2023-07-26 08:00,59062.54,716.0,0.233,31136.0,17,East,0
APP-20620,2023-07-26 16:00,106576.84,710.0,0.266,34661.0,16,East,0
APP-20621,2023-07-27 00:00,38975.36,723.0,0.05,8787.0,9,East,0
APP-20622,2023-07-27 08:00,74661.03,807.0,0.132,33576.0,23,South,0
APP-20623,2023-07-27 16:00,101410.6,689.0,0.311,32005.0,13,West,1
APP-20624,2023-07-28 00:00,81186.29,802.0,0.375,17142.0,18,South,1
APP-20625,2023-07-28 08:00,65704.13,748.0,0.389,29160.0,22,South,1
APP-20626,2023-07-28 16:00,47408.48,726.0,0.203,5002.0,17,East,1
APP-20627,2023-07-29 00:00,84571.62,735.0,0.295,37613.0,10,West,0
APP-20628,2023-07-29 08:00,79060.19,566.0,0.105,24263.0,10,North,1
APP-20629,2023-07-29 16:00,42054.61,698.0,0.252,26712.0,11,East,1
APP-20630,2023-07-30 00:00,60195.78,680.0,0.346,28263.0,7,West,1
APP-20631,2023-07-30 08:00,46908.59,805.0,0.279,24648.0,15,North,1
APP-20632,2023-07-30 16:00,22107.2,695.0,0.253,34987.0,24,South,1
APP-20633,2023-07-31 00:00,46559.64,709.0,0.279,26340.0,23,West,0
APP-20634,2023-07-31 08:00,66581.59,708.0,0.383,36772.0,7,South,1
APP-20635,2023-07-31 16:00,73704.79,651.0,0.26,25382.0,23,South,0
APP-20636,2023-08-01 00:00,60148.45,685.0,0.286,10989.0,13,West,1
APP-20637,2023-08-01 08:00,85611.88,747.0,0.402,36975.0,22,North,0
APP-20638,2023-08-01 16:00,80441.6,614.0,0.262,28857.0,17,West,1
APP-20639,2023-08-02 00:00,63120.84,724.0,0.149,29473.0,23,North,0
APP-20640,2023-08-02 08:00,61210.96,669.0,0.389,39492.0,20,East,1
APP-20641,2023-08-02 16:00,70741.09,768.0,0.361,7632.0,21,East,1
APP-20642,2023-08-03 00:00,64732.3,728.0,0.103,20001.0,3,East,1
APP-20643,2023-08-03 08:00,43614.74,642.0,0.27,13368.0,16,South,0
APP-20644,2023-08-03 16:00,60569.27,691.0,0.278,27065.0,12,East,1
APP-20645,2023-08-04 00:00,74983.51,730.0,0.389,33238.0,4,South,1
APP-20646,2023-08-04 08:00,84721.1,696.0,0.279,38821.0,2,North,1
APP-20647,2023-08-04 16:00,79402.46,717.0,0.293,20911.0,8,West,1
APP-20648,2023-08-05 00:00,70014.54,709.0,0.296,32518.0,19,West,0
APP-20649,2023-08-05 08:00,86860.57,749.0,0.243,37097.0,17,South,0
APP-20650,2023-08-05 16:00,71359.28,730.0,0.384,28916.0,19,South,1
APP-20651,2023-08-06 00:00,63671.75,708.0,0.217,13496.0,18,South,0
APP-20652,2023-08-06 08:00,87180.67,711.0,0.241,26275.0,18,North,0
APP-20653,2023-08-06 16:00,75803.88,661.0,0.28,38948.0,20,North,1
APP-20654,2023-08-07 00:00,84530.05,776.0,0.173,39564.0,15,East,0
APP-20655,2023-08-07 08:00,47185.9,843.0,0.421,27483.0,0,East,0
APP-20656,2023-08-07 16:00,52095.97,695.0,0.28,36045.0,4,West,1
APP-20657,2023-08-08 00:00,52738.92,712.0,0.346,12012.0,23,East,1
APP-20658,2023-08-08 08:00,67726.65,756.0,0.203,13613.0,14,North,0
APP-20659,2023-08-08 16:00,92365.24,755.0,0.337,38351.0,11,North,1
APP-20660,2023-08-09 00:00,47915.8,718.0,0.344,9733.0,24,North,0
APP-20661,2023-08-09 08:00,78580.48,666.0,0.355,11689.0,0,North,0
APP-20662,2023-08-09 16:00,46961.47,792.0,0.432,19719.0,13,West,0
APP-20663,2023-08-10 00:00,96762.79,741.0,0.235,25635.0,17,West,1
APP-20664,2023-08-10 08:00,41050.23,720.0,0.265,26134.0,17,North,0
APP-20665,2023-08-10 16:00,76104.5,677.0,0.212,15219.0,5,South,1
APP-20666,2023-08-11 00:00,78205.63,713.0,0.272,37221.0,0,East,1
APP-20667,2023-08-11 08:00,74300.07,628.0,0.333,37028.0,16,West,1
APP-20668,2023-08-11 16:00,51841.26,743.0,0.329,18722.0,17,South,1
APP-20669,2023-08-12 00:00,49154.85,754.0,0.411,20200.0,14,East,1
APP-20670,2023-08-12 08:00,84086.01,720.0,0.319,29587.0,11,South,0
APP-20671,2023-08-12 16:00,80726.1,667.0,0.28,28205.0,12,North,0
APP-20672,2023-08-13 00:00,80521.41,730.0,0.193,18380.0,19,East,0
APP-20673,2023-08-13 08:00,82339.58,745.0,0.349,19499.0,1,South,0
APP-20674,2023-08-13 16:00,41958.77,677.0,0.267,17181.0,3,West,1
APP-20675,2023-08-14 00:00,41510.43,752.0,0.351,13238.0,2,West,0
APP-20676,2023-08-14 08:00,54930.14,734.0,0.246,21035.0,18,West,0
APP-20677,2023-08-14 16:00,57805.38,698.0,0.376,29025.0,24,East,1
APP-20678,2023-08-15 00:00,56206.97,685.0,0.311,30969.0,7,North,0
APP-20679,2023-08-15 08:00,69162.47,702.0,0.359,32261.0,11,North,1
APP-20680,2023-08-15 16:00,81728.76,666.0,0.311,18116.0,11,East,1
APP-20681,2023-08-16 00:00,60590.07,722.0,0.206,31762.0,9,East,0
APP-20682,2023-08-16 08:00,52770.24,735.0,0.251,5228.0,24,North,0
APP-20683,2023-08-16 16:00,77193.85,763.0,0.178,21697.0,0,West,0
APP-20684,2023-08-17 00:00,60770.53,723.0,0.295,32787.0,4,North,1
APP-20685,2023-08-17 08:00,66609.87,728.0,0.163,27052.0,19,North,0
APP-20686,2023-08-17 16:00,60012.9,698.0,0.304,21592.0,10,South,0
APP-20687,2023-08-18 00:00,70099.56,671.0,0.05,27562.0,8,West,0
APP-20688,2023-08-18 08:00,49791.44,691.0,0.345,36743.0,13,East,1
APP-20689,2023-08-18 16:00,75894.08,774.0,0.192,24823.0,2,North,1
APP-20690,2023-08-19 00:00,64508.35,739.0,0.204,32993.0,4,West,0
APP-20691,2023-08-19 08:00,53535.26,728.0,0.39,39326.0,23,East,1
APP-20692,2023-08-19 16:00,72963.99,628.0,0.306,29695.0,20,South,1
APP-20693,2023-08-20 00:00,53520.93,724.0,0.348,25066.0,8,South,1
APP-20694,2023-08-20 08:00,54183.91,650.0,0.2,6312.0,17,West,0
APP-20695,2023-08-20 16:00,46980.85,653.0,0.357,18107.0,5,North,1
APP-20696,2023-08-21 00:00,39446.27,658.0,0.269,24790.0,20,East,1
APP-20697,2023-08-21 08:00,73014.28,675.0,0.289,32902.0,24,West,1
APP-20698,2023-08-21 16:00,82484.25,748.0,0.399,20334.0,6,South,0
APP-20699,2023-08-22 00:00,58241.0,720.0,0.187,38602.0,15,East,1
APP-20700,2023-08-22 08:00,53022.91,668.0,0.353,14513.0,7,East,1
APP-20701,2023-08-22 16:00,37815.58,684.0,0.311,31060.0,22,North,1
APP-20702,2023-08-23 00:00,32399.73,732.0,0.263,19666.0,9,South,1
APP-20703,2023-08-23 08:00,75900.96,741.0,0.192,22010.0,4,South,1
APP-20704,2023-08-23 16:00,35389.88,716.0,0.262,33088.0,10,South,1
APP-20705,2023-08-24 00:00,47841.0,658.0,0.215,15368.0,20,East,1
APP-20706,2023-08-24 08:00,69251.47,691.0,0.375,8388.0,12,South,1
APP-20707,2023-08-24 16:00,66345.61,817.0,0.287,23209.0,19,West,1
APP-20708,2023-08-25 00:00,69870.54,656.0,0.226,23508.0,1,South,1
APP-20709,2023-08-25 08:00,65103.79,727.0,0.165,32901.0,13,East,0
APP-20710,2023-08-25 16:00,59646.1,805.0,0.243,38891.0,8,South,1
APP-20711,2023-08-26 00:00,47932.01,698.0,0.379,6936.0,9,South,1
APP-20712,2023-08-26 08:00,55487.85,793.0,0.289,25709.0,9,East,0
APP-20713,2023-08-26 16:00,60664.28,679.0,0.266,28845.0,9,South,0
APP-20714,2023-08-27 00:00,36644.87,621.0,0.416,39503.0,18,North,1
APP-20715,2023-08-27 08:00,53204.96,684.0,0.247,37991.0,10,East,1
APP-20716,2023-08-27 16:00,59416.72,676.0,0.215,29936.0,10,South,0
APP-20717,2023-08-28 00:00,54665.53,635.0,0.312,23263.0,2,North,0
APP-20718,2023-08-28 08:00,59861.68,691.0,0.314,10653.0,18,West,1
APP-20719,2023-08-28 16:00,75030.92,755.0,0.233,18446.0,23,East,0
APP-20720,2023-08-29 00:00,76872.29,683.0,0.216,25479.0,21,South,1
APP-20721,2023-08-29 08:00,87670.3,693.0,0.396,30382.0,0,East,0
APP-20722,2023-08-29 16:00,42381.46,772.0,0.245,27239.0,11,North,0
APP-20723,2023-08-30 00:00,58688.82,676.0,0.164,29994.0,14,East,0
APP-20724,2023-08-30 08:00,83413.69,738.0,0.295,20020.0,13,West,0
APP-20725,2023-08-30 16:00,38813.96,633.0,0.352,30467.0,2,South,1
APP-20726,2023-08-31 00:00,47356.56,667.0,0.265,10031.0,19,West,0
APP-20727,2023-08-31 08:00,55763.96,700.0,0.323,10691.0,12,North,1
APP-20728,2023-08-31 16:00,95664.86,764.0,0.196,10699.0,17,East,1
APP-20729,2023-09-01 00:00,50382.01,669.0,0.33,36180.0,15,South,1
APP-20730,2023-09-01 08:00,81257.31,668.0,0.204,7661.0,5,South,0
APP-20731,2023-09-01 16:00,64581.55,722.0,0.304,33053.0,9,North,1
APP-20732,2023-09-02 00:00,47803.19,729.0,0.341,13175.0,16,North,1
APP-20733,2023-09-02 08:00,106997.36,663.0,0.288,21395.0,16,East,1
APP-20734,2023-09-02 16:00,67919.72,687.0,0.181,37058.0,7,South,1
APP-20735,2023-09-03 00:00,70643.03,759.0,0.185,25508.0,3,North,0
APP-20736,2023-09-03 08:00,73017.61,657.0,0.407,12354.0,14,South,1
APP-20737,2023-09-03 16:00,71854.34,725.0,0.219,14943.0,0,East,0
APP-20738,2023-09-04 00:00,97281.1,687.0,0.341,37216.0,6,West,1
APP-20739,2023-09-04 08:00,91789.16,773.0,0.289,19950.0,24,North,0
APP-20740,2023-09-04 16:00,51026.03,736.0,0.2,25544.0,9,East,1
APP-20741,2023-09-05 00:00,95280.87,750.0,0.237,21098.0,6,West,1
APP-20742,2023-09-05 08:00,54498.01,686.0,0.416,18245.0,0,East,1
APP-20743,2023-09-05 16:00,69833.61,747.0,0.559,12815.0,16,North,1
APP-20744,2023-09-06 00:00,43227.23,746.0,0.255,29017.0,11,East,1
APP-20745,2023-09-06 08:00,80549.1,733.0,0.249,30138.0,16,South,1
APP-20746,2023-09-06 16:00,60389.58,697.0,0.149,14621.0,14,North,0
APP-20747,2023-09-07 00:00,47757.69,717.0,0.148,32615.0,23,South,0
APP-20748,2023-09-07 08:00,82827.52,627.0,0.211,34909.0,15,East,1
APP-20749,2023-09-07 16:00,86543.02,789.0,0.244,37224.0,22,North,0
APP-20750,2023-09-08 00:00,87051.54,683.0,0.278,10642.0,13,South,1
APP-20751,2023-09-08 08:00,42155.74,695.0,0.335,15637.0,2,South,0
APP-20752,2023-09-08 16:00,88603.14,651.0,0.298,35112.0,18,South,1
APP-20753,2023-09-09 00:00,60492.26,740.0,0.337,11949.0,11,West,0
APP-20754,2023-09-09 08:00,95772.55,734.0,0.231,5121.0,18,South,1
APP-20755,2023-09-09 16:00,74374.31,697.0,0.274,35479.0,17,South,1
APP-20756,2023-09-10 00:00,68769.97,605.0,0.251,16426.0,13,East,1
APP-20757,2023-09-10 08:00,65127.82,678.0,0.179,19507.0,19,East,1
APP-20758,2023-09-10 16:00,64795.06,731.0,0.122,20622.0,22,East,1
APP-20759,2023-09-11 00:00,54807.29,721.0,0.226,34690.0,8,East,0
APP-20760,2023-09-11 08:00,48979.04,708.0,0.082,16826.0,2,West,0
APP-20761,2023-09-11 16:00,59560.07,691.0,0.189,36230.0,22,East,1
APP-20762,2023-09-12 00:00,82863.33,639.0,0.324,26593.0,11,East,1
APP-20763,2023-09-12 08:00,44050.63,753.0,0.294,23455.0,19,East,1
APP-20764,2023-09-12 16:00,85109.99,645.0,0.282,16397.0,16,South,1
APP-20765,2023-09-13 00:00,67150.85,701.0,0.374,13530.0,4,West,1
APP-20766,2023-09-13 08:00,76722.12,663.0,0.222,26842.0,7,East,1
APP-20767,2023-09-13 16:00,77497.41,755.0,0.335,20641.0,18,South,1
APP-20768,2023-09-14 00:00,78925.17,736.0,0.215,36868.0,3,North,1
APP-20769,2023-09-14 08:00,65336.02,694.0,0.302,22207.0,14,West,1
APP-20770,2023-09-14 16:00,65785.15,741.0,0.292,22913.0,18,East,1
APP-20771,2023-09-15 00:00,78411.45,643.0,0.297,19585.0,14,South,0
APP-20772,2023-09-15 08:00,49380.58,706.0,0.249,32624.0,13,North,1
APP-20773,2023-09-15 16:00,47083.12,663.0,0.306,19869.0,15,North,1
APP-20774,2023-09-16 00:00,58029.7,756.0,0.312,14427.0,23,South,1
APP-20775,2023-09-16 08:00,69321.36,727.0,0.166,35171.0,9,South,0
APP-20776,2023-09-16 16:00,93813.07,739.0,0.348,25889.0,23,West,0
APP-20777,2023-09-17 00:00,65719.74,685.0,0.181,25703.0,13,South,1
APP-20778,2023-09-17 08:00,95002.29,744.0,0.21,26379.0,19,East,0
APP-20779,2023-09-17 16:00,72731.87,660.0,0.299,30159.0,10,North,1
APP-20780,2023-09-18 00:00,58198.06,666.0,0.328,15957.0,1,East,1
APP-20781,2023-09-18 08:00,82206.03,702.0,0.298,6185.0,18,East,1
APP-20782,2023-09-18 16:00,61357.06,668.0,0.306,33371.0,2,East,1
APP-20783,2023-09-19 00:00,68768.14,742.0,0.189,9512.0,3,North,0
APP-20784,2023-09-19 08:00,44954.43,689.0,0.238,30264.0,10,North,1
APP-20785,2023-09-19 16:00,42370.04,661.0,0.116,7881.0,12,North,1
APP-20786,2023-09-20 00:00,73304.83,656.0,0.206,18136.0,17,South,1
APP-20787,2023-09-20 08:00,81555.93,741.0,0.173,7206.0,17,East,1
APP-20788,2023-09-20 16:00,94185.01,596.0,0.281,23277.0,18,West,1
APP-20789,2023-09-21 00:00,52859.41,665.0,0.468,27860.0,11,South,1
APP-20790,2023-09-21 08:00,86956.16,773.0,0.341,11000.0,0,South,1
APP-20791,2023-09-21 16:00,84716.7,695.0,0.1,18007.0,23,West,1
APP-20792,2023-09-22 00:00,57632.56,742.0,0.159,37558.0,5,East,0
APP-20793,2023-09-22 08:00,85821.3,729.0,0.176,20484.0,2,West,1
APP-20794,2023-09-22 16:00,79163.25,701.0,0.14,33089.0,16,North,1
APP-20795,2023-09-23 00:00,82132.75,635.0,0.257,37451.0,2,East,1
APP-20796,2023-09-23 08:00,97510.41,650.0,0.298,39102.0,0,South,1
APP-20797,2023-09-23 16:00,81509.93,650.0,0.177,36441.0,2,North,1
APP-20798,2023-09-24 00:00,32946.53,732.0,0.262,16109.0,3,North,0
APP-20799,2023-09-24 08:00,69838.41,740.0,0.298,38690.0,5,South,1
APP-20800,2023-09-24 16:00,41497.98,670.0,0.336,33434.0,6,West,1
APP-20801,2023-09-25 00:00,67271.75,706.0,0.292,34301.0,22,North,1
APP-20802,2023-09-25 08:00,66404.42,710.0,0.306,5531.0,24,North,1
APP-20803,2023-09-25 16:00,56244.58,714.0,0.277,38398.0,7,East,0
APP-20804,2023-09-26 00:00,49585.95,676.0,0.199,32233.0,12,East,1
APP-20805,2023-09-26 08:00,57045.02,784.0,0.216,31879.0,3,South,0
APP-20806,2023-09-26 16:00,59942.59,741.0,0.174,7853.0,5,South,0
APP-20807,2023-09-27 00:00,63024.43,713.0,0.4,13140.0,10,South,1
APP-20808,2023-09-27 08:00,66581.51,687.0,0.162,38679.0,0,West,0
APP-20809,2023-09-27 16:00,73778.76,672.0,0.356,22524.0,7,North,0
APP-20810,2023-09-28 00:00,60311.72,728.0,0.163,18925.0,21,South,0
APP-20811,2023-09-28 08:00,84194.73,689.0,0.341,34398.0,1,East,1
APP-20812,2023-09-28 16:00,64426.42,716.0,0.358,8057.0,7,North,1
APP-20813,2023-09-29 00:00,78867.36,625.0,0.372,19593.0,19,South,1
APP-20814,2023-09-29 08:00,60432.79,686.0,0.197,18150.0,8,North,1
APP-20815,2023-09-29 16:00,106155.64,705.0,0.293,17245.0,3,North,0
APP-20816,2023-09-30 00:00,72008.96,754.0,0.232,15769.0,16,North,1
APP-20817,2023-09-30 08:00,89529.48,668.0,0.209,12353.0,6,South,1
APP-20818,2023-09-30 16:00,54590.87,643.0,0.284,11052.0,9,North,1
APP-20819,2023-10-01 00:00,58292.75,730.0,0.345,27414.0,4,North,1
APP-20820,2023-10-01 08:00,61217.94,707.0,0.232,37179.0,9,North,1
APP-20821,2023-10-01 16:00,102095.0,633.0,0.306,22810.0,11,East,1
APP-20822,2023-10-02 00:00,61808.9,635.0,0.207,15429.0,20,South,1
APP-20823,2023-10-02 08:00,52648.49,681.0,0.197,10571.0,19,West,1
APP-20824,2023-10-02 16:00,84513.6,706.0,0.254,34055.0,5,East,1
APP-20825,2023-10-03 00:00,65882.07,773.0,0.259,39002.0,0,North,0
APP-20826,2023-10-03 08:00,61728.21,661.0,0.333,17220.0,2,North,1
APP-20827,2023-10-03 16:00,55845.77,734.0,0.18,15183.0,6,West,0
APP-20828,2023-10-04 00:00,72332.43,622.0,0.453,26052.0,10,West,1
APP-20829,2023-10-04 08:00,80939.83,726.0,0.137,32137.0,23,East,0
APP-20830,2023-10-04 16:00,76821.28,778.0,0.298,20939.0,11,North,0
APP-20831,2023-10-05 00:00,57809.99,716.0,0.257,27053.0,8,West,1
APP-20832,2023-10-05 08:00,50184.46,680.0,0.228,30079.0,0,East,0
APP-20833,2023-10-05 16:00,15000.0,765.0,0.266,38621.0,3,West,0
APP-20834,2023-10-06 00:00,50817.97,726.0,0.334,10776.0,1,North,1
APP-20835,2023-10-06 08:00,59417.98,717.0,0.346,39908.0,1,North,0
APP-20836,2023-10-06 16:00,64114.4,664.0,0.263,18725.0,16,North,1
APP-20837,2023-10-07 00:00,60937.83,726.0,0.307,30312.0,20,North,0
APP-20838,2023-10-07 08:00,107013.15,679.0,0.174,25035.0,1,South,1
APP-20839,2023-10-07 16:00,72370.48,724.0,0.265,22033.0,3,South,0
APP-20840,2023-10-08 00:00,46435.36,712.0,0.312,29433.0,24,South,1
APP-20841,2023-10-08 08:00,74833.51,759.0,0.097,18851.0,10,East,0
APP-20842,2023-10-08 16:00,70872.15,684.0,0.286,9414.0,18,East,1
APP-20843,2023-10-09 00:00,49251.34,703.0,0.267,22111.0,23,West,1
APP-20844,2023-10-09 08:00,69332.08,746.0,0.382,23267.0,12,West,1
APP-20845,2023-10-09 16:00,72952.27,699.0,0.293,12067.0,21,East,1
APP-20846,2023-10-10 00:00,80367.57,709.0,0.318,37747.0,20,West,0
APP-20847,2023-10-10 08:00,38364.92,692.0,0.258,12962.0,17,East,0
APP-20848,2023-10-10 16:00,74721.17,703.0,0.331,19323.0,18,South,0
APP-20849,2023-10-11 00:00,86148.57,740.0,0.325,10423.0,23,East,0
APP-20850,2023-10-11 08:00,93315.3,793.0,0.175,23753.0,14,East,0
APP-20851,2023-10-11 16:00,46608.99,634.0,0.305,15767.0,11,West,1
APP-20852,2023-10-12 00:00,62810.72,653.0,0.375,22125.0,24,West,1
APP-20853,2023-10-12 08:00,64264.02,704.0,0.359,12862.0,10,East,1
APP-20854,2023-10-12 16:00,75132.78,712.0,0.282,6882.0,22,North,1
APP-20855,2023-10-13 00:00,62530.56,700.0,0.306,32273.0,0,West,1
APP-20856,2023-10-13 08:00,54269.1,685.0,0.353,27438.0,15,East,1
APP-20857,2023-10-13 16:00,68257.65,655.0,0.189,16926.0,12,West,1
APP-20858,2023-10-14 00:00,59937.47,683.0,0.318,6662.0,5,North,1
APP-20859,2023-10-14 08:00,73432.84,747.0,0.122,35295.0,22,West,0
APP-20860,2023-10-14 16:00,52856.49,714.0,0.349,10943.0,5,East,0
APP-20861,2023-10-15 00:00,49665.36,740.0,0.249,37576.0,9,East,0
APP-20862,2023-10-15 08:00,84731.6,656.0,0.273,21751.0,1,North,0
APP-20863,2023-10-15 16:00,99087.91,775.0,0.236,16914.0,24,East,0
APP-20864,2023-10-16 00:00,92334.07,685.0,0.277,30962.0,2,North,0
APP-20865,2023-10-16 08:00,63921.12,731.0,0.3,35689.0,5,East,0
APP-20866,2023-10-16 16:00,80826.91,704.0,0.34,17975.0,15,East,1
APP-20867,2023-10-17 00:00,54705.76,686.0,0.384,19257.0,5,West,1
APP-20868,2023-10-17 08:00,72622.69,729.0,0.284,20161.0,23,West,1
APP-20869,2023-10-17 16:00,56242.96,737.0,0.147,37281.0,12,North,0
APP-20870,2023-10-18 00:00,83847.56,831.0,0.384,29240.0,3,West,1
APP-20871,2023-10-18 08:00,81851.97,739.0,0.162,13668.0,14,South,0
APP-20872,2023-10-18 16:00,96139.31,738.0,0.246,11475.0,5,North,0
APP-20873,2023-10-19 00:00,61560.42,762.0,0.241,13063.0,0,South,0
APP-20874,2023-10-19 08:00,88685.51,734.0,0.281,14225.0,8,North,0
APP-20875,2023-10-19 16:00,72596.98,708.0,0.179,13056.0,11,South,1
APP-20876,2023-10-20 00:00,66130.83,725.0,0.175,28048.0,24,West,1
APP-20877,2023-10-20 08:00,70054.91,748.0,0.278,9058.0,22,West,0
APP-20878,2023-10-20 16:00,90470.2,773.0,0.216,18558.0,10,East,0
APP-20879,2023-10-21 00:00,63020.95,642.0,0.388,26877.0,12,South,1
APP-20880,2023-10-21 08:00,63784.07,625.0,0.236,15180.0,0,East,1
APP-20881,2023-10-21 16:00,34014.47,771.0,0.198,7285.0,18,North,1
APP-20882,2023-10-22 00:00,62794.28,674.0,0.414,7864.0,20,South,1
APP-20883,2023-10-22 08:00,68965.43,635.0,0.318,9409.0,3,East,1
APP-20884,2023-10-22 16:00,53566.28,631.0,0.497,34255.0,4,North,1
APP-20885,2023-10-23 00:00,49882.17,791.0,0.126,28025.0,22,South,0
APP-20886,2023-10-23 08:00,37231.42,749.0,0.297,7258.0,24,East,1
APP-20887,2023-10-23 16:00,56230.24,674.0,0.319,18687.0,16,South,1
APP-20888,2023-10-24 00:00,86317.69,676.0,0.282,14750.0,4,South,1
APP-20889,2023-10-24 08:00,42772.22,712.0,0.251,25231.0,18,East,0
APP-20890,2023-10-24 16:00,76835.26,749.0,0.38,23298.0,2,West,1
APP-20891,2023-10-25 00:00,78190.2,697.0,0.317,21839.0,10,West,1
APP-20892,2023-10-25 08:00,101792.92,675.0,0.145,16008.0,1,East,0
APP-20893,2023-10-25 16:00,80575.33,761.0,0.21,9823.0,21,North,0
APP-20894,2023-10-26 00:00,79318.69,709.0,0.187,30983.0,13,East,0
APP-20895,2023-10-26 08:00,70515.46,701.0,0.27,35795.0,5,East,0
APP-20896,2023-10-26 16:00,65012.86,737.0,0.356,38045.0,18,South,1
APP-20897,2023-10-27 00:00,77782.99,614.0,0.25,7052.0,0,West,1
APP-20898,2023-10-27 08:00,83730.52,731.0,0.26,30897.0,6,West,1
APP-20899,2023-10-27 16:00,67557.44,728.0,0.202,30428.0,1,West,0
APP-20900,2023-10-28 00:00,84378.29,648.0,0.341,38149.0,23,West,1
APP-20901,2023-10-28 08:00,108248.17,623.0,0.379,13852.0,18,East,1
APP-20902,2023-10-28 16:00,66062.88,685.0,0.277,30976.0,0,South,1
APP-20903,2023-10-29 00:00,66485.02,718.0,0.406,6912.0,8,West,0
APP-20904,2023-10-29 08:00,63618.25,723.0,0.236,27094.0,20,West,1
APP-20905,2023-10-29 16:00,67006.14,787.0,0.168,17280.0,16,South,0
APP-20906,2023-10-30 00:00,83346.58,718.0,0.344,31912.0,9,East,1
APP-20907,2023-10-30 08:00,66305.82,647.0,0.272,35216.0,5,East,1
APP-20908,2023-10-30 16:00,67837.67,699.0,0.234,17769.0,2,East,0
APP-20909,2023-10-31 00:00,61255.26,652.0,0.286,23396.0,19,West,1
APP-20910,2023-10-31 08:00,72335.86,702.0,0.153,9109.0,23,West,0
APP-20911,2023-10-31 16:00,57452.05,773.0,0.14,19592.0,14,West,1
APP-20912,2023-11-01 00:00,46607.79,731.0,0.287,17628.0,20,East,1
APP-20913,2023-11-01 08:00,71715.08,678.0,0.315,11409.0,21,West,0
APP-20914,2023-11-01 16:00,94690.77,737.0,0.392,36307.0,19,North,0
APP-20915,2023-11-02 00:00,60650.84,675.0,0.351,10183.0,5,South,0
APP-20916,2023-11-02 08:00,49381.92,586.0,0.331,27251.0,2,North,1
APP-20917,2023-11-02 16:00,93734.63,654.0,0.382,36155.0,9,North,0
APP-20918,2023-11-03 00:00,65683.41,731.0,0.319,36919.0,11,West,0
APP-20919,2023-11-03 08:00,79168.37,745.0,0.252,32763.0,0,South,1
APP-20920,2023-11-03 16:00,54065.51,787.0,0.353,11165.0,21,North,0
APP-20921,2023-11-04 00:00,65146.56,725.0,0.35,33610.0,15,East,1
APP-20922,2023-11-04 08:00,86008.32,771.0,0.279,14680.0,16,East,1
APP-20923,2023-11-04 16:00,66961.59,738.0,0.184,37284.0,9,East,1
APP-20924,2023-11-05 00:00,67148.03,752.0,0.137,29818.0,11,East,0
APP-20925,2023-11-05 08:00,42671.09,760.0,0.347,32484.0,18,South,0
APP-20926,2023-11-05 16:00,76805.5,732.0,0.318,7976.0,7,East,1
APP-20927,2023-11-06 00:00,53211.77,758.0,0.33,25397.0,22,South,1
APP-20928,2023-11-06 08:00,81795.51,679.0,0.35,33740.0,7,South,1
APP-20929,2023-11-06 16:00,68035.72,601.0,0.208,35156.0,9,South,1
APP-20930,2023-11-07 00:00,69368.29,739.0,0.13,6002.0,9,South,0
APP-20931,2023-11-07 08:00,76588.13,727.0,0.321,37871.0,17,West,1
APP-20932,2023-11-07 16:00,70629.04,671.0,0.376,6517.0,9,North,1
APP-20933,2023-11-08 00:00,90776.8,653.0,0.308,26508.0,6,West,1
APP-20934,2023-11-08 08:00,88400.58,716.0,0.161,29269.0,3,North,1
APP-20935,2023-11-08 16:00,46741.34,742.0,0.299,8757.0,0,West,0
APP-20936,2023-11-09 00:00,62439.32,733.0,0.19,6680.0,10,East,0
APP-20937,2023-11-09 08:00,77548.02,664.0,0.157,32472.0,18,South,1
APP-20938,2023-11-09 16:00,50860.96,674.0,0.279,18463.0,4,East,1
APP-20939,2023-11-10 00:00,41479.09,740.0,0.293,8749.0,7,East,1
APP-20940,2023-11-10 08:00,53596.93,713.0,0.272,31693.0,1,East,0
APP-20941,2023-11-10 16:00,63272.52,758.0,0.315,34721.0,1,West,1
APP-20942,2023-11-11 00:00,15000.0,695.0,0.217,25559.0,23,East,0
APP-20943,2023-11-11 08:00,48291.66,743.0,0.287,10643.0,13,South,0
APP-20944,2023-11-11 16:00,38321.97,708.0,0.241,5533.0,8,South,1
APP-20945,2023-11-12 00:00,82200.08,677.0,0.26,29528.0,9,North,0
APP-20946,2023-11-12 08:00,78972.18,752.0,0.301,24255.0,12,West,0
APP-20947,2023-11-12 16:00,69178.46,665.0,0.365,27778.0,0,South,1
APP-20948,2023-11-13 00:00,66500.18,713.0,0.303,33461.0,13,South,1
APP-20949,2023-11-13 08:00,73172.1,718.0,0.33,20198.0,1,West,1
APP-20950,2023-11-13 16:00,50024.97,705.0,0.281,9358.0,3,East,1
APP-20951,2023-11-14 00:00,83793.33,755.0,0.319,37899.0,18,South,1
APP-20952,2023-11-14 08:00,66395.32,736.0,0.363,24084.0,0,East,0
APP-20953,2023-11-14 16:00,78763.99,730.0,0.43,26535.0,3,South,0
APP-20954,2023-11-15 00:00,78146.23,713.0,0.377,37669.0,10,North,1
APP-20955,2023-11-15 08:00,73011.72,794.0,0.276,37605.0,12,East,0
APP-20956,2023-11-15 16:00,69693.77,776.0,0.372,25023.0,17,South,0
APP-20957,2023-11-16 00:00,68576.6,751.0,0.324,15416.0,9,West,1
APP-20958,2023-11-16 08:00,64055.35,744.0,0.231,39899.0,4,West,1
APP-20959,2023-11-16 16:00,72244.35,683.0,0.325,28829.0,0,West,1
APP-20960,2023-11-17 00:00,68093.14,708.0,0.19,19295.0,13,South,0
APP-20961,2023-11-17 08:00,57694.69,739.0,0.325,24594.0,15,East,0
APP-20962,2023-11-17 16:00,74145.72,757.0,0.42,19554.0,23,North,1
APP-20963,2023-11-18 00:00,69207.5,750.0,0.346,36091.0,17,North,0
APP-20964,2023-11-18 08:00,83146.82,736.0,0.376,21887.0,2,South,0
APP-20965,2023-11-18 16:00,37843.75,800.0,0.25,33823.0,2,South,0
APP-20966,2023-11-19 00:00,65543.31,704.0,0.318,34406.0,3,South,1
APP-20967,2023-11-19 08:00,54126.46,756.0,0.336,33852.0,6,East,1
APP-20968,2023-11-19 16:00,57235.66,750.0,0.256,30277.0,12,West,0
APP-20969,2023-11-20 00:00,73396.22,730.0,0.335,34921.0,8,East,1
APP-20970,2023-11-20 08:00,43459.09,732.0,0.316,18553.0,2,East,1
APP-20971,2023-11-20 16:00,66997.03,731.0,0.336,9013.0,16,South,0
APP-20972,2023-11-21 00:00,65456.59,678.0,0.198,34486.0,14,North,1
APP-20973,2023-11-21 08:00,49250.76,728.0,0.382,22436.0,9,East,0
APP-20974,2023-11-21 16:00,67371.09,744.0,0.316,9458.0,14,North,1
APP-20975,2023-11-22 00:00,53576.7,724.0,0.271,9036.0,0,South,1
APP-20976,2023-11-22 08:00,97962.26,627.0,0.272,10573.0,21,East,1
APP-20977,2023-11-22 16:00,83029.5,639.0,0.277,31284.0,20,West,1
APP-20978,2023-11-23 00:00,66008.9,673.0,0.214,29880.0,9,West,1
APP-20979,2023-11-23 08:00,58523.77,705.0,0.375,12134.0,6,East,1
APP-20980,2023-11-23 16:00,72560.76,676.0,0.357,34642.0,6,West,1
APP-20981,2023-11-24 00:00,76512.14,739.0,0.362,14845.0,2,East,0
APP-20982,2023-11-24 08:00,68817.99,764.0,0.401,32754.0,6,West,1
APP-20983,2023-11-24 16:00,49772.79,770.0,0.295,22108.0,8,South,1
APP-20984,2023-11-25 00:00,61856.18,725.0,0.148,30604.0,7,West,1
APP-20985,2023-11-25 08:00,66170.2,759.0,0.33,18349.0,2,West,0
APP-20986,2023-11-25 16:00,69354.13,685.0,0.327,17150.0,4,South,1
APP-20987,2023-11-26 00:00,69700.45,703.0,0.404,34448.0,12,South,1
APP-20988,2023-11-26 08:00,75962.48,657.0,0.367,6236.0,12,West,0
APP-20989,2023-11-26 16:00,85125.8,764.0,0.291,39116.0,7,North,0
APP-20990,2023-11-27 00:00,80188.46,798.0,0.268,27686.0,17,North,1
APP-20991,2023-11-27 08:00,73854.8,694.0,0.36,20137.0,6,East,1
APP-20992,2023-11-27 16:00,46134.44,612.0,0.068,26982.0,9,West,1
APP-20993,2023-11-28 00:00,82795.15,667.0,0.299,9296.0,9,East,1
APP-20994,2023-11-28 08:00,77282.1,681.0,0.356,22992.0,22,South,0
APP-20995,2023-11-28 16:00,61163.13,650.0,0.27,39478.0,10,West,1
APP-20996,2023-11-29 00:00,65446.09,664.0,0.249,13234.0,11,South,1
APP-20997,2023-11-29 08:00,65983.71,719.0,0.304,30280.0,12,West,1
APP-20998,2023-11-29 16:00,58432.67,740.0,0.388,20224.0,7,West,0
APP-20999,2023-11-30 00:00,38779.48,617.0,0.316,27836.0,16,South,1
APP-21000,2024-01-01 00:00,35813.58,662.0,0.38,12171.0,23,West,1
APP-21001,2024-01-01 16:00,69905.68,761.0,0.454,21466.0,13,West,1
APP-21002,2024-01-02 08:00,73409.64,577.0,0.221,39303.0,16,East,1
APP-21003,2024-01-03 00:00,33468.07,619.0,0.41,11835.0,18,South,1
APP-21004,2024-01-03 16:00,98374.19,652.0,0.483,27276.0,15,North,1
APP-21005,2024-01-04 08:00,47988.24,623.0,0.331,25146.0,8,North,1
APP-21006,2024-01-05 00:00,65071.66,660.0,0.242,24777.0,19,West,1
APP-21007,2024-01-05 16:00,61094.32,605.0,0.444,26529.0,9,East,1
APP-21008,2024-01-06 08:00,35435.97,599.0,0.685,22578.0,8,West,1
APP-21009,2024-01-07 00:00,39872.53,629.0,0.334,5593.0,0,East,1
APP-21010,2024-01-07 16:00,49218.74,660.0,0.338,36503.0,23,West,1
APP-21011,2024-01-08 08:00,15000.0,717.0,0.396,33944.0,2,North,1
APP-21012,2024-01-09 00:00,62777.6,663.0,0.608,11096.0,10,South,0
APP-21013,2024-01-09 16:00,15000.0,625.0,0.222,19465.0,6,East,1
APP-21014,2024-01-10 08:00,48264.01,690.0,0.512,31969.0,17,West,1
APP-21015,2024-01-11 00:00,35909.15,700.0,0.363,39302.0,12,West,1
APP-21016,2024-01-11 16:00,58418.56,622.0,0.374,38290.0,22,East,1
APP-21017,2024-01-12 08:00,15000.0,631.0,0.299,36478.0,22,East,1
APP-21018,2024-01-13 00:00,18080.41,614.0,0.39,10543.0,24,North,1
APP-21019,2024-01-13 16:00,37258.35,689.0,0.302,37007.0,17,East,1
APP-21020,2024-01-14 08:00,57339.19,644.0,0.355,35746.0,15,West,1
APP-21021,2024-01-15 00:00,51988.76,556.0,0.124,18193.0,23,North,1
APP-21022,2024-01-15 16:00,66905.08,664.0,0.212,18808.0,15,North,1
APP-21023,2024-01-16 08:00,49942.19,729.0,0.46,21097.0,20,South,0
APP-21024,2024-01-17 00:00,47680.65,734.0,0.571,27966.0,9,South,1
APP-21025,2024-01-17 16:00,28711.58,611.0,0.808,14129.0,8,South,1
APP-21026,2024-01-18 08:00,43979.33,598.0,0.531,5803.0,7,East,1
APP-21027,2024-01-19 00:00,47648.72,754.0,0.358,9943.0,18,North,0
APP-21028,2024-01-19 16:00,15000.0,734.0,0.182,20404.0,2,East,1
APP-21029,2024-01-20 08:00,31976.05,668.0,0.485,14870.0,23,North,1
APP-21030,2024-01-21 00:00,56340.41,537.0,0.246,31758.0,8,West,1
APP-21031,2024-01-21 16:00,51230.88,604.0,0.323,8734.0,1,East,1
APP-21032,2024-01-22 08:00,43445.87,574.0,0.526,37111.0,18,North,1
APP-21033,2024-01-23 00:00,37066.06,749.0,0.455,36336.0,7,South,1
APP-21034,2024-01-23 16:00,16628.02,548.0,0.309,36806.0,17,South,1
APP-21035,2024-01-24 08:00,15000.0,748.0,0.215,30886.0,7,West,1
APP-21036,2024-01-25 00:00,42479.62,634.0,0.445,8745.0,4,East,1
APP-21037,2024-01-25 16:00,74801.01,568.0,0.46,20335.0,5,North,1
APP-21038,2024-01-26 08:00,48664.3,699.0,0.6,9599.0,9,South,1
APP-21039,2024-01-27 00:00,66385.2,678.0,0.121,39569.0,14,North,0
APP-21040,2024-01-27 16:00,26819.63,564.0,0.434,16656.0,3,East,1
APP-21041,2024-01-28 08:00,53096.69,638.0,0.53,25487.0,2,South,1
APP-21042,2024-01-29 00:00,35333.64,723.0,0.37,32279.0,23,West,1
APP-21043,2024-01-29 16:00,34638.97,615.0,0.228,37222.0,8,West,0
APP-21044,2024-01-30 08:00,61402.61,741.0,0.309,31444.0,15,East,0
APP-21045,2024-01-31 00:00,45831.95,595.0,0.424,28608.0,15,East,1
APP-21046,2024-01-31 16:00,23060.38,543.0,0.362,21309.0,14,North,1
APP-21047,2024-02-01 08:00,49764.53,643.0,0.456,26189.0,23,West,1
APP-21048,2024-02-02 00:00,35108.97,552.0,0.574,8296.0,8,East,1
APP-21049,2024-02-02 16:00,22002.06,647.0,0.372,35937.0,16,East,1
APP-21050,2024-02-03 08:00,30083.71,640.0,0.566,24032.0,20,West,1
APP-21051,2024-02-04 00:00,84826.08,594.0,0.406,6405.0,11,North,1
APP-21052,2024-02-04 16:00,69822.92,753.0,0.461,37197.0,22,North,1
APP-21053,2024-02-05 08:00,15000.0,640.0,0.406,22126.0,7,West,1
APP-21054,2024-02-06 00:00,44609.41,692.0,0.464,35401.0,13,West,1
APP-21055,2024-02-06 16:00,45921.31,696.0,0.485,34991.0,17,West,1
APP-21056,2024-02-07 08:00,43211.33,746.0,0.497,33551.0,11,West,0
APP-21057,2024-02-08 00:00,36049.99,567.0,0.42,7149.0,13,West,1
APP-21058,2024-02-08 16:00,61447.21,535.0,0.05,13647.0,19,East,1
APP-21059,2024-02-09 08:00,64968.52,743.0,0.491,35644.0,22,South,1
APP-21060,2024-02-10 00:00,66882.01,675.0,0.184,36465.0,4,West,1
APP-21061,2024-02-10 16:00,53941.94,648.0,0.347,21032.0,0,South,1
APP-21062,2024-02-11 08:00,58955.81,632.0,0.133,20401.0,12,North,1
APP-21063,2024-02-12 00:00,41799.24,621.0,0.624,11130.0,13,East,1
APP-21064,2024-02-12 16:00,19624.09,692.0,0.47,38894.0,1,South,1
APP-21065,2024-02-13 08:00,19150.48,553.0,0.381,12460.0,15,North,1
APP-21066,2024-02-14 00:00,32669.53,669.0,0.59,11683.0,4,North,1
APP-21067,2024-02-14 16:00,44389.69,702.0,0.484,28126.0,21,North,1
APP-21068,2024-02-15 08:00,24903.32,685.0,0.435,13500.0,0,West,1
APP-21069,2024-02-16 00:00,27662.32,636.0,0.467,37857.0,11,East,1
APP-21070,2024-02-16 16:00,41188.93,640.0,0.374,5382.0,18,North,1
APP-21071,2024-02-17 08:00,63554.06,717.0,0.271,5201.0,21,West,1
APP-21072,2024-02-18 00:00,54017.91,675.0,0.535,22671.0,21,South,1
APP-21073,2024-02-18 16:00,32456.53,745.0,0.411,22082.0,22,East,1
APP-21074,2024-02-19 08:00,48834.9,535.0,0.209,10718.0,9,South,1
APP-21075,2024-02-20 00:00,24084.42,694.0,0.481,22308.0,11,South,0
APP-21076,2024-02-20 16:00,32456.6,591.0,0.425,19408.0,18,West,1
APP-21077,2024-02-21 08:00,18170.83,636.0,0.624,36162.0,15,South,1
APP-21078,2024-02-22 00:00,55719.09,723.0,0.452,5324.0,16,East,1
APP-21079,2024-02-22 16:00,42909.47,580.0,0.278,39169.0,12,South,1
APP-21080,2024-02-23 08:00,45161.0,767.0,0.205,26854.0,6,West,0
APP-21081,2024-02-24 00:00,62506.87,706.0,0.572,10315.0,2,North,0
APP-21082,2024-02-24 16:00,30049.48,675.0,0.412,6637.0,4,West,1
APP-21083,2024-02-25 08:00,56401.49,584.0,0.316,23834.0,3,North,1
APP-21084,2024-02-26 00:00,83728.58,629.0,0.334,13221.0,14,South,1
APP-21085,2024-02-26 16:00,30321.95,618.0,0.576,15541.0,16,North,1
APP-21086,2024-02-27 08:00,19865.66,566.0,0.477,13580.0,11,West,1
APP-21087,2024-02-28 00:00,25358.87,706.0,0.552,27756.0,22,West,1
APP-21088,2024-02-28 16:00,54994.54,616.0,0.449,24374.0,13,East,1
APP-21089,2024-02-29 08:00,79433.26,629.0,0.32,7729.0,3,East,1
APP-21090,2024-03-01 00:00,78695.92,632.0,0.634,23428.0,16,North,1
APP-21091,2024-03-01 16:00,63208.31,627.0,0.373,32692.0,10,North,1
APP-21092,2024-03-02 08:00,63827.34,672.0,0.517,7842.0,5,East,1
APP-21093,2024-03-03 00:00,56362.02,603.0,0.55,36141.0,3,South,1
APP-21094,2024-03-03 16:00,61051.8,701.0,0.421,25241.0,12,East,1
APP-21095,2024-03-04 08:00,53467.64,604.0,0.286,38272.0,19,South,1
APP-21096,2024-03-05 00:00,33604.25,638.0,0.339,10185.0,14,North,1
APP-21097,2024-03-05 16:00,78841.88,562.0,0.501,39775.0,17,North,1
APP-21098,2024-03-06 08:00,72037.77,704.0,0.484,27550.0,16,West,1
APP-21099,2024-03-07 00:00,34014.18,720.0,0.576,24862.0,18,West,1
APP-21100,2024-03-07 16:00,59672.63,683.0,0.557,23035.0,9,South,1
APP-21101,2024-03-08 08:00,74302.36,650.0,0.306,5828.0,4,South,1
APP-21102,2024-03-09 00:00,55536.24,638.0,0.593,37887.0,11,East,1
APP-21103,2024-03-09 16:00,44303.57,546.0,0.297,27540.0,24,South,1
APP-21104,2024-03-10 08:00,73735.15,559.0,0.491,8207.0,14,North,1
APP-21105,2024-03-11 00:00,52596.12,685.0,0.711,5733.0,22,North,1
APP-21106,2024-03-11 16:00,36698.2,629.0,0.457,6777.0,3,North,1
APP-21107,2024-03-12 08:00,27296.96,558.0,0.207,26329.0,7,West,1
APP-21108,2024-03-13 00:00,15000.0,556.0,0.381,26491.0,19,South,1
APP-21109,2024-03-13 16:00,83516.24,678.0,0.681,22488.0,21,South,1
APP-21110,2024-03-14 08:00,32936.67,692.0,0.395,15737.0,16,West,1
APP-21111,2024-03-15 00:00,65351.01,548.0,0.579,23611.0,5,West,1
APP-21112,2024-03-15 16:00,31432.97,649.0,0.305,23071.0,15,West,1
APP-21113,2024-03-16 08:00,51005.27,663.0,0.377,5680.0,4,North,1
APP-21114,2024-03-17 00:00,56095.11,605.0,0.394,14886.0,13,South,1
APP-21115,2024-03-17 16:00,25695.7,714.0,0.654,6861.0,1,East,1
APP-21116,2024-03-18 08:00,65226.66,619.0,0.383,36505.0,16,East,1
APP-21117,2024-03-19 00:00,44431.72,537.0,0.194,30383.0,5,South,1
APP-21118,2024-03-19 16:00,57947.6,628.0,0.706,39864.0,10,South,1
APP-21119,2024-03-20 08:00,74181.33,722.0,0.447,15576.0,1,West,1
APP-21120,2024-03-21 00:00,61313.21,619.0,0.499,35747.0,24,West,1
APP-21121,2024-03-21 16:00,46293.11,577.0,0.227,26107.0,24,North,1
APP-21122,2024-03-22 08:00,82992.88,678.0,0.451,20859.0,0,West,1
APP-21123,2024-03-23 00:00,47196.28,656.0,0.422,12790.0,4,South,1
APP-21124,2024-03-23 16:00,49676.39,640.0,0.304,30844.0,7,North,1
APP-21125,2024-03-24 08:00,45054.74,669.0,0.5,36645.0,3,East,1
APP-21126,2024-03-25 00:00,25939.15,598.0,0.215,13236.0,18,South,1
APP-21127,2024-03-25 16:00,23955.85,604.0,0.303,11139.0,4,East,1
APP-21128,2024-03-26 08:00,38024.36,684.0,0.565,29368.0,4,South,1
APP-21129,2024-03-27 00:00,29752.8,582.0,0.333,39194.0,23,South,1
APP-21130,2024-03-27 16:00,43001.94,737.0,0.361,31248.0,15,North,1
APP-21131,2024-03-28 08:00,62870.91,714.0,0.431,14960.0,21,North,0
APP-21132,2024-03-29 00:00,40636.77,571.0,0.375,19698.0,17,West,1
APP-21133,2024-03-29 16:00,51959.32,729.0,0.503,18451.0,10,South,0
APP-21134,2024-03-30 08:00,38893.69,649.0,0.441,34823.0,16,South,1
APP-21135,2024-03-31 00:00,93810.64,723.0,0.239,31998.0,2,North,1
APP-21136,2024-03-31 16:00,75148.23,648.0,0.332,25614.0,17,East,1
APP-21137,2024-04-01 08:00,43543.07,629.0,0.319,14624.0,3,West,1
APP-21138,2024-04-02 00:00,52899.59,623.0,0.364,37830.0,18,South,1
APP-21139,2024-04-02 16:00,23873.08,493.0,0.433,27866.0,8,North,1
APP-21140,2024-04-03 08:00,44140.68,696.0,0.457,38967.0,4,South,1
APP-21141,2024-04-04 00:00,37193.13,598.0,0.136,25304.0,3,North,0
APP-21142,2024-04-04 16:00,61372.03,698.0,0.543,33742.0,15,West,0
APP-21143,2024-04-05 08:00,31254.39,740.0,0.409,33459.0,9,East,1
APP-21144,2024-04-06 00:00,77839.33,605.0,0.286,16807.0,8,South,1
APP-21145,2024-04-06 16:00,46822.29,602.0,0.534,38741.0,15,South,1
APP-21146,2024-04-07 08:00,32350.52,700.0,0.167,5768.0,19,West,1
APP-21147,2024-04-08 00:00,48578.86,612.0,0.231,31905.0,21,East,1
APP-21148,2024-04-08 16:00,61261.96,719.0,0.675,38794.0,16,South,1
APP-21149,2024-04-09 08:00,57367.23,599.0,0.438,16862.0,17,West,1
APP-21150,2024-04-10 00:00,50818.33,726.0,0.332,27684.0,14,South,0
APP-21151,2024-04-10 16:00,63797.37,622.0,0.433,24678.0,19,South,1
APP-21152,2024-04-11 08:00,62696.83,660.0,0.398,31653.0,8,West,0
APP-21153,2024-04-12 00:00,62786.68,699.0,0.424,35316.0,5,West,1
APP-21154,2024-04-12 16:00,43037.93,671.0,0.479,26107.0,5,North,1
APP-21155,2024-04-13 08:00,42912.74,704.0,0.396,33557.0,10,North,1
APP-21156,2024-04-14 00:00,44267.81,553.0,0.463,15930.0,24,South,1
APP-21157,2024-04-14 16:00,39106.84,616.0,0.401,13001.0,19,West,1
APP-21158,2024-04-15 08:00,49902.15,644.0,0.321,20073.0,2,East,1
APP-21159,2024-04-16 00:00,47898.79,594.0,0.287,28721.0,22,East,1
APP-21160,2024-04-16 16:00,77791.23,698.0,0.578,11554.0,11,South,0
APP-21161,2024-04-17 08:00,38913.32,609.0,0.498,28812.0,14,North,1
APP-21162,2024-04-18 00:00,30239.26,594.0,0.544,18793.0,6,West,1
APP-21163,2024-04-18 16:00,59623.23,696.0,0.42,32845.0,24,West,1
APP-21164,2024-04-19 08:00,49287.4,577.0,0.447,6289.0,21,North,1
APP-21165,2024-04-20 00:00,35645.8,580.0,0.399,28379.0,17,West,1
APP-21166,2024-04-20 16:00,62078.08,670.0,0.559,27744.0,21,South,1
APP-21167,2024-04-21 08:00,42978.15,721.0,0.379,37933.0,14,West,1
APP-21168,2024-04-22 00:00,75437.13,650.0,0.302,29968.0,7,West,1
APP-21169,2024-04-22 16:00,30897.39,543.0,0.483,32871.0,21,North,1
APP-21170,2024-04-23 08:00,37545.23,681.0,0.402,36661.0,8,North,1
APP-21171,2024-04-24 00:00,50297.9,604.0,0.45,28627.0,14,East,1
APP-21172,2024-04-24 16:00,72440.12,707.0,0.505,15155.0,15,South,1
APP-21173,2024-04-25 08:00,35156.97,617.0,0.351,35442.0,19,North,1
APP-21174,2024-04-26 00:00,54777.1,709.0,0.394,31165.0,2,North,1
APP-21175,2024-04-26 16:00,27048.58,615.0,0.383,19855.0,4,North,0
APP-21176,2024-04-27 08:00,64501.05,599.0,0.574,29869.0,2,West,1
APP-21177,2024-04-28 00:00,36267.17,525.0,0.422,35369.0,1,South,1
APP-21178,2024-04-28 16:00,59137.91,600.0,0.439,39148.0,1,South,1
APP-21179,2024-04-29 08:00,60067.3,651.0,0.281,38332.0,3,West,1
APP-21180,2024-04-30 00:00,15313.22,646.0,0.508,16386.0,2,West,1
APP-21181,2024-04-30 16:00,51767.88,677.0,0.471,19759.0,8,North,1
APP-21182,2024-05-01 08:00,38897.61,715.0,0.32,8834.0,22,East,1
APP-21183,2024-05-02 00:00,56973.19,642.0,0.651,13664.0,21,East,1
APP-21184,2024-05-02 16:00,32266.91,644.0,0.46,35885.0,11,South,1
APP-21185,2024-05-03 08:00,37534.23,707.0,0.345,17630.0,23,East,1
APP-21186,2024-05-04 00:00,69572.37,654.0,0.42,26719.0,8,North,1
APP-21187,2024-05-04 16:00,68179.37,585.0,0.376,28309.0,18,West,1
APP-21188,2024-05-05 08:00,30106.1,609.0,0.605,32364.0,11,South,1
APP-21189,2024-05-06 00:00,80334.67,512.0,0.532,11398.0,15,South,1
APP-21190,2024-05-06 16:00,15000.0,584.0,0.474,15668.0,22,West,1
APP-21191,2024-05-07 08:00,51862.42,539.0,0.626,20692.0,24,East,1
APP-21192,2024-05-08 00:00,24879.88,661.0,0.295,17769.0,0,South,1
APP-21193,2024-05-08 16:00,54684.82,713.0,0.513,39402.0,9,West,1
APP-21194,2024-05-09 08:00,43290.42,584.0,0.486,34223.0,24,West,1
APP-21195,2024-05-10 00:00,29682.49,586.0,0.392,21789.0,22,East,1
APP-21196,2024-05-10 16:00,34726.7,697.0,0.393,35774.0,9,East,1
APP-21197,2024-05-11 08:00,33840.66,613.0,0.531,17168.0,3,North,1
APP-21198,2024-05-12 00:00,49374.92,655.0,0.522,32504.0,10,East,1
APP-21199,2024-05-12 16:00,65545.06,685.0,0.249,12829.0,21,East,1
APP-21200,2024-05-13 08:00,83258.58,598.0,0.638,32031.0,10,West,1
APP-21201,2024-05-14 00:00,44923.9,599.0,0.557,20976.0,10,South,1
APP-21202,2024-05-14 16:00,53378.66,610.0,0.386,8762.0,21,West,1
APP-21203,2024-05-15 08:00,69351.88,547.0,0.325,14564.0,5,North,1
APP-21204,2024-05-16 00:00,39919.14,669.0,0.553,19080.0,14,West,1
APP-21205,2024-05-16 16:00,33904.47,676.0,0.48,31225.0,1,North,1
APP-21206,2024-05-17 08:00,83071.66,645.0,0.506,7554.0,20,East,1
APP-21207,2024-05-18 00:00,44764.18,722.0,0.489,28084.0,22,South,1
APP-21208,2024-05-18 16:00,51912.06,624.0,0.566,30060.0,21,South,1
APP-21209,2024-05-19 08:00,19130.39,677.0,0.523,27887.0,2,West,1
APP-21210,2024-05-20 00:00,38571.37,669.0,0.356,31623.0,4,South,1
APP-21211,2024-05-20 16:00,81968.5,592.0,0.349,11236.0,23,North,1
APP-21212,2024-05-21 08:00,56330.52,709.0,0.463,25549.0,10,North,1
APP-21213,2024-05-22 00:00,47483.73,648.0,0.695,37940.0,20,East,1
APP-21214,2024-05-22 16:00,73086.88,698.0,0.402,26377.0,11,West,1
APP-21215,2024-05-23 08:00,18388.25,562.0,0.464,26397.0,2,East,1
APP-21216,2024-05-24 00:00,40534.51,647.0,0.527,30775.0,8,South,1
APP-21217,2024-05-24 16:00,88949.79,612.0,0.37,16662.0,2,East,1
APP-21218,2024-05-25 08:00,47100.56,589.0,0.516,29517.0,1,South,1
APP-21219,2024-05-26 00:00,46976.05,725.0,0.422,37068.0,5,North,0
APP-21220,2024-05-26 16:00,69224.62,652.0,0.57,5381.0,23,West,1
APP-21221,2024-05-27 08:00,70475.8,551.0,0.307,35454.0,5,West,1
APP-21222,2024-05-28 00:00,24572.17,610.0,0.698,12652.0,16,East,1
APP-21223,2024-05-28 16:00,55703.4,696.0,0.383,20957.0,7,South,1
APP-21224,2024-05-29 08:00,79604.23,589.0,0.483,34832.0,0,North,1
APP-21225,2024-05-30 00:00,36424.49,583.0,0.421,33837.0,24,South,1
APP-21226,2024-05-30 16:00,41296.24,631.0,0.291,36217.0,7,East,1
APP-21227,2024-05-31 08:00,48518.74,668.0,0.52,37915.0,21,South,1
APP-21228,2024-06-01 00:00,60498.21,596.0,0.388,20650.0,14,North,1
APP-21229,2024-06-01 16:00,22302.03,663.0,0.483,27973.0,17,East,1
APP-21230,2024-06-02 08:00,15000.0,642.0,0.323,18667.0,12,North,1
APP-21231,2024-06-03 00:00,51878.88,649.0,0.389,17275.0,24,East,1
APP-21232,2024-06-03 16:00,68985.8,496.0,0.385,20106.0,7,West,1
APP-21233,2024-06-04 08:00,42384.73,641.0,0.486,31008.0,19,South,1
APP-21234,2024-06-05 00:00,37012.8,625.0,0.457,22550.0,17,North,1
APP-21235,2024-06-05 16:00,44994.6,663.0,0.399,33492.0,12,North,1
APP-21236,2024-06-06 08:00,76755.83,601.0,0.376,31083.0,13,South,1
APP-21237,2024-06-07 00:00,36037.89,618.0,0.458,5717.0,14,North,1
APP-21238,2024-06-07 16:00,58265.08,672.0,0.444,27058.0,5,North,1
APP-21239,2024-06-08 08:00,27235.72,727.0,0.435,20280.0,0,North,1
APP-21240,2024-06-09 00:00,28097.3,561.0,0.656,20982.0,6,West,1
APP-21241,2024-06-09 16:00,63210.78,671.0,0.486,33643.0,0,North,1
APP-21242,2024-06-10 08:00,77418.65,713.0,0.651,24166.0,14,West,1
APP-21243,2024-06-11 00:00,64002.04,682.0,0.412,35997.0,5,South,1
APP-21244,2024-06-11 16:00,15000.0,709.0,0.414,29948.0,4,West,0
APP-21245,2024-06-12 08:00,40441.0,607.0,0.359,24349.0,11,North,1
APP-21246,2024-06-13 00:00,52300.5,714.0,0.456,31409.0,2,North,0
APP-21247,2024-06-13 16:00,49072.33,597.0,0.381,6342.0,21,North,1
APP-21248,2024-06-14 08:00,15000.0,643.0,0.364,5948.0,19,West,0
APP-21249,2024-06-15 00:00,24650.48,610.0,0.192,7917.0,13,East,1
APP-21250,2024-06-15 16:00,33568.31,612.0,0.596,20315.0,5,East,1
APP-21251,2024-06-16 08:00,46783.13,537.0,0.374,13241.0,3,South,1
APP-21252,2024-06-17 00:00,15000.0,522.0,0.597,39449.0,14,South,1
APP-21253,2024-06-17 16:00,58804.05,711.0,0.408,23980.0,16,South,1
APP-21254,2024-06-18 08:00,46326.32,532.0,0.497,28185.0,4,North,1
APP-21255,2024-06-19 00:00,29222.34,655.0,0.429,14759.0,23,East,1
APP-21256,2024-06-19 16:00,51484.57,562.0,0.47,16263.0,5,East,1
APP-21257,2024-06-20 08:00,22079.59,589.0,0.299,16741.0,9,South,1
APP-21258,2024-06-21 00:00,47062.46,681.0,0.562,29456.0,8,East,1
APP-21259,2024-06-21 16:00,15587.09,650.0,0.376,21580.0,3,South,1
APP-21260,2024-06-22 08:00,18213.87,632.0,0.531,23119.0,8,North,1
APP-21261,2024-06-23 00:00,39827.16,709.0,0.245,25720.0,7,East,1
APP-21262,2024-06-23 16:00,35107.2,623.0,0.329,31908.0,2,North,1
APP-21263,2024-06-24 08:00,54917.2,714.0,0.465,8163.0,21,North,0
APP-21264,2024-06-25 00:00,47664.18,576.0,0.4,32191.0,19,East,1
APP-21265,2024-06-25 16:00,85807.12,569.0,0.475,24713.0,0,West,1
APP-21266,2024-06-26 08:00,43227.09,632.0,0.445,28418.0,24,South,1
APP-21267,2024-06-27 00:00,15000.0,640.0,0.639,16464.0,19,East,1
APP-21268,2024-06-27 16:00,15000.0,588.0,0.485,19329.0,4,North,1
APP-21269,2024-06-28 08:00,26469.72,623.0,0.368,13091.0,2,South,1
APP-21270,2024-06-29 00:00,108921.7,722.0,0.373,39275.0,3,North,0
APP-21271,2024-06-29 16:00,47338.98,616.0,0.564,22395.0,24,South,1
APP-21272,2024-06-30 08:00,67953.57,524.0,0.237,39863.0,22,East,1
APP-21273,2024-07-01 00:00,66129.76,535.0,0.487,22143.0,23,North,1
APP-21274,2024-07-01 16:00,25195.67,765.0,0.286,12691.0,18,South,0
APP-21275,2024-07-02 08:00,15723.75,727.0,0.553,22761.0,14,South,1
APP-21276,2024-07-03 00:00,59561.64,614.0,0.368,6386.0,18,East,1
APP-21277,2024-07-03 16:00,15000.0,689.0,0.483,36667.0,15,South,1
APP-21278,2024-07-04 08:00,65597.86,656.0,0.424,33649.0,22,South,1
APP-21279,2024-07-05 00:00,45893.0,716.0,0.254,30404.0,7,North,0
APP-21280,2024-07-05 16:00,59088.98,576.0,0.497,26344.0,13,East,1
APP-21281,2024-07-06 08:00,53461.96,577.0,0.333,25294.0,4,East,1
APP-21282,2024-07-07 00:00,54422.91,719.0,0.516,39885.0,0,North,1
APP-21283,2024-07-07 16:00,49880.76,550.0,0.3,14730.0,18,West,1
APP-21284,2024-07-08 08:00,53068.83,644.0,0.449,32289.0,4,North,1
APP-21285,2024-07-09 00:00,48829.53,637.0,0.425,25349.0,2,North,1
APP-21286,2024-07-09 16:00,23223.48,687.0,0.348,39156.0,16,West,0
APP-21287,2024-07-10 08:00,40910.55,648.0,0.586,33973.0,6,South,1
APP-21288,2024-07-11 00:00,87055.87,632.0,0.424,39948.0,16,East,1
APP-21289,2024-07-11 16:00,53654.09,617.0,0.369,25591.0,12,East,1
APP-21290,2024-07-12 08:00,68564.09,580.0,0.456,12159.0,21,West,1
APP-21291,2024-07-13 00:00,30303.42,630.0,0.245,22629.0,21,East,1
APP-21292,2024-07-13 16:00,29990.05,710.0,0.714,29889.0,13,West,1
APP-21293,2024-07-14 08:00,26337.86,623.0,0.29,32103.0,22,South,1
APP-21294,2024-07-15 00:00,24028.16,724.0,0.486,5018.0,11,West,1
APP-21295,2024-07-15 16:00,18796.83,684.0,0.427,22676.0,10,East,1
APP-21296,2024-07-16 08:00,52197.86,669.0,0.562,13233.0,0,East,1
APP-21297,2024-07-17 00:00,41595.26,630.0,0.441,35622.0,2,West,1
APP-21298,2024-07-17 16:00,63758.91,602.0,0.343,10352.0,11,East,1
APP-21299,2024-07-18 08:00,42412.86,741.0,0.197,28326.0,8,West,0
APP-21300,2024-07-19 00:00,15000.0,688.0,0.206,14312.0,1,East,1
APP-21301,2024-07-19 16:00,55985.1,632.0,0.391,17479.0,13,North,1
APP-21302,2024-07-20 08:00,15000.0,742.0,0.584,37920.0,4,South,0
APP-21303,2024-07-21 00:00,51859.1,678.0,0.219,13416.0,2,East,1
APP-21304,2024-07-21 16:00,34115.56,555.0,0.642,8325.0,11,East,1
APP-21305,2024-07-22 08:00,52185.18,614.0,0.55,7425.0,11,East,1
APP-21306,2024-07-23 00:00,22014.87,684.0,0.258,22662.0,20,West,1
APP-21307,2024-07-23 16:00,62009.86,730.0,0.29,27460.0,6,East,0
APP-21308,2024-07-24 08:00,48676.97,782.0,0.302,16455.0,0,West,1
APP-21309,2024-07-25 00:00,41804.34,642.0,0.456,29159.0,2,East,1
APP-21310,2024-07-25 16:00,17494.49,677.0,0.413,7136.0,10,North,1
APP-21311,2024-07-26 08:00,80589.63,603.0,0.409,35007.0,12,North,1
APP-21312,2024-07-27 00:00,31677.73,587.0,0.359,33580.0,21,South,1
APP-21313,2024-07-27 16:00,52732.93,539.0,0.441,39492.0,22,West,1
APP-21314,2024-07-28 08:00,30920.18,663.0,0.52,37778.0,9,South,1
APP-21315,2024-07-29 00:00,115994.82,716.0,0.405,17467.0,18,East,0
APP-21316,2024-07-29 16:00,50689.58,687.0,0.34,18975.0,3,East,1
APP-21317,2024-07-30 08:00,36935.62,645.0,0.539,31109.0,21,North,1
APP-21318,2024-07-31 00:00,58903.66,713.0,0.393,9693.0,4,South,1
APP-21319,2024-07-31 16:00,61501.11,817.0,0.486,15991.0,10,East,1
APP-21320,2024-08-01 08:00,55102.78,590.0,0.408,9149.0,8,East,1
APP-21321,2024-08-02 00:00,42176.69,495.0,0.55,20921.0,12,West,1
APP-21322,2024-08-02 16:00,55929.13,661.0,0.568,24320.0,16,East,1
APP-21323,2024-08-03 08:00,45203.85,705.0,0.564,12391.0,14,South,1
APP-21324,2024-08-04 00:00,47544.72,547.0,0.354,5932.0,12,North,1
APP-21325,2024-08-04 16:00,33862.58,690.0,0.353,30177.0,20,North,1
APP-21326,2024-08-05 08:00,21658.15,620.0,0.525,5700.0,10,East,1
APP-21327,2024-08-06 00:00,58138.45,660.0,0.412,39069.0,0,East,1
APP-21328,2024-08-06 16:00,58913.4,585.0,0.416,12756.0,7,East,1
APP-21329,2024-08-07 08:00,71339.5,581.0,0.337,28237.0,22,West,1
APP-21330,2024-08-08 00:00,48873.26,574.0,0.589,20216.0,4,East,1
APP-21331,2024-08-08 16:00,44116.79,680.0,0.545,7089.0,21,East,1
APP-21332,2024-08-09 08:00,22623.37,603.0,0.406,21526.0,15,West,1
APP-21333,2024-08-10 00:00,47288.57,656.0,0.343,23087.0,3,South,1
APP-21334,2024-08-10 16:00,54483.57,642.0,0.337,34914.0,24,West,1
APP-21335,2024-08-11 08:00,15244.7,569.0,0.436,30632.0,18,North,1
APP-21336,2024-08-12 00:00,67242.4,645.0,0.466,7776.0,17,West,1
APP-21337,2024-08-12 16:00,35183.33,654.0,0.317,12321.0,22,West,1
APP-21338,2024-08-13 08:00,44470.19,704.0,0.271,15916.0,1,South,0
APP-21339,2024-08-14 00:00,58759.87,730.0,0.43,9074.0,12,South,1
APP-21340,2024-08-14 16:00,47868.36,579.0,0.524,20991.0,15,East,1
APP-21341,2024-08-15 08:00,73260.5,661.0,0.429,39451.0,21,West,1
APP-21342,2024-08-16 00:00,59318.51,507.0,0.39,23011.0,7,South,1
APP-21343,2024-08-16 16:00,45330.02,691.0,0.284,30966.0,18,North,1
APP-21344,2024-08-17 08:00,15000.0,706.0,0.344,28903.0,2,East,0
APP-21345,2024-08-18 00:00,65931.36,480.0,0.525,34747.0,18,West,1
APP-21346,2024-08-18 16:00,26767.97,620.0,0.27,12550.0,16,North,1
APP-21347,2024-08-19 08:00,63333.57,586.0,0.633,31384.0,8,South,1
APP-21348,2024-08-20 00:00,56823.41,619.0,0.43,35847.0,20,East,1
APP-21349,2024-08-20 16:00,44421.85,608.0,0.23,11003.0,24,North,1
APP-21350,2024-08-21 08:00,65159.24,637.0,0.48,17138.0,20,West,1
APP-21351,2024-08-22 00:00,57378.72,699.0,0.474,38954.0,22,North,1
APP-21352,2024-08-22 16:00,53910.52,621.0,0.367,32328.0,16,East,1
APP-21353,2024-08-23 08:00,17106.11,581.0,0.533,14891.0,24,West,1
APP-21354,2024-08-24 00:00,48717.27,628.0,0.346,24738.0,0,West,0
APP-21355,2024-08-24 16:00,25629.13,625.0,0.496,19151.0,3,North,1
APP-21356,2024-08-25 08:00,28273.12,635.0,0.416,22149.0,22,East,1
APP-21357,2024-08-26 00:00,41499.44,602.0,0.386,17431.0,14,West,1
APP-21358,2024-08-26 16:00,74341.51,662.0,0.581,14777.0,11,East,1
APP-21359,2024-08-27 08:00,54577.03,718.0,0.538,28617.0,24,South,1
APP-21360,2024-08-28 00:00,55762.83,564.0,0.287,32249.0,16,North,1
APP-21361,2024-08-28 16:00,61867.68,667.0,0.466,35588.0,11,East,1
APP-21362,2024-08-29 08:00,32255.75,698.0,0.647,10437.0,15,South,1
APP-21363,2024-08-30 00:00,19624.62,614.0,0.584,33800.0,12,South,1
APP-21364,2024-08-30 16:00,16428.31,715.0,0.311,13918.0,10,East,1
APP-21365,2024-08-31 08:00,52159.28,636.0,0.612,19957.0,14,East,1
APP-21366,2024-09-01 00:00,65760.44,572.0,0.532,36551.0,15,North,1
APP-21367,2024-09-01 16:00,64429.5,564.0,0.294,20908.0,5,North,1
APP-21368,2024-09-02 08:00,33041.14,687.0,0.445,11897.0,10,West,0
APP-21369,2024-09-03 00:00,72398.92,682.0,0.477,10595.0,14,North,1
APP-21370,2024-09-03 16:00,84774.76,734.0,0.291,21554.0,4,East,0
APP-21371,2024-09-04 08:00,58937.37,680.0,0.505,31694.0,2,West,1
APP-21372,2024-09-05 00:00,74771.03,634.0,0.712,39902.0,1,South,1
APP-21373,2024-09-05 16:00,63716.8,669.0,0.584,32559.0,0,South,1
APP-21374,2024-09-06 08:00,43865.12,644.0,0.439,35695.0,14,East,1
APP-21375,2024-09-07 00:00,36037.53,620.0,0.386,31174.0,1,West,1
APP-21376,2024-09-07 16:00,18964.59,607.0,0.459,36340.0,19,West,1
APP-21377,2024-09-08 08:00,39994.27,537.0,0.303,7670.0,5,North,1
APP-21378,2024-09-09 00:00,43737.03,595.0,0.363,37548.0,11,South,1
APP-21379,2024-09-09 16:00,44134.91,639.0,0.185,18874.0,20,South,1
APP-21380,2024-09-10 08:00,45973.53,478.0,0.472,37256.0,15,North,1
APP-21381,2024-09-11 00:00,15000.0,609.0,0.379,7651.0,13,South,1
APP-21382,2024-09-11 16:00,62022.53,695.0,0.494,30034.0,3,North,1
APP-21383,2024-09-12 08:00,64111.56,721.0,0.434,30749.0,7,South,1
APP-21384,2024-09-13 00:00,54678.56,608.0,0.299,39892.0,11,South,1
APP-21385,2024-09-13 16:00,26951.78,606.0,0.444,31910.0,22,South,1
APP-21386,2024-09-14 08:00,54605.74,597.0,0.334,18390.0,13,North,0
APP-21387,2024-09-15 00:00,48406.98,606.0,0.619,24504.0,19,South,1
APP-21388,2024-09-15 16:00,56540.69,709.0,0.319,17829.0,12,South,1
APP-21389,2024-09-16 08:00,75920.21,738.0,0.364,11861.0,4,West,0
APP-21390,2024-09-17 00:00,44787.56,539.0,0.298,13698.0,11,South,1
APP-21391,2024-09-17 16:00,51267.46,591.0,0.288,12770.0,9,East,1
APP-21392,2024-09-18 08:00,32441.49,528.0,0.424,24209.0,20,South,1
APP-21393,2024-09-19 00:00,64590.17,638.0,0.271,36716.0,18,South,0
APP-21394,2024-09-19 16:00,60649.26,611.0,0.397,36945.0,12,West,1
APP-21395,2024-09-20 08:00,51898.09,662.0,0.472,6917.0,8,West,1
APP-21396,2024-09-21 00:00,29043.64,680.0,0.369,7796.0,10,North,1
APP-21397,2024-09-21 16:00,35700.54,673.0,0.156,13579.0,4,North,1
APP-21398,2024-09-22 08:00,15037.34,541.0,0.58,13927.0,12,East,1
APP-21399,2024-09-23 00:00,35488.15,638.0,0.452,8321.0,9,West,1
APP-21400,2024-09-23 16:00,60768.61,538.0,0.453,18596.0,17,North,1
APP-21401,2024-09-24 08:00,55123.71,744.0,0.392,25570.0,14,North,1
APP-21402,2024-09-25 00:00,50874.38,619.0,0.517,25236.0,19,North,1
APP-21403,2024-09-25 16:00,74717.38,558.0,0.533,24020.0,11,West,1
APP-21404,2024-09-26 08:00,53481.54,607.0,0.545,16854.0,3,West,1
APP-21405,2024-09-27 00:00,37611.21,652.0,0.452,29726.0,4,East,1
APP-21406,2024-09-27 16:00,35401.17,684.0,0.255,33927.0,7,West,1
APP-21407,2024-09-28 08:00,43829.13,718.0,0.469,17120.0,4,West,1
APP-21408,2024-09-29 00:00,39896.49,644.0,0.452,7994.0,0,West,1
APP-21409,2024-09-29 16:00,65153.67,620.0,0.354,15372.0,17,East,1
APP-21410,2024-09-30 08:00,55586.05,681.0,0.324,9808.0,18,South,0
APP-21411,2024-10-01 00:00,42245.88,679.0,0.485,21358.0,18,South,1
APP-21412,2024-10-01 16:00,42931.13,647.0,0.411,10458.0,9,North,1
APP-21413,2024-10-02 08:00,60658.35,689.0,0.373,21200.0,21,South,1
APP-21414,2024-10-03 00:00,66196.96,603.0,0.621,12735.0,8,South,0
APP-21415,2024-10-03 16:00,15000.0,639.0,0.501,30856.0,0,East,1
APP-21416,2024-10-04 08:00,44918.17,518.0,0.472,5965.0,21,East,1
APP-21417,2024-10-05 00:00,49646.85,723.0,0.566,24416.0,24,South,0
APP-21418,2024-10-05 16:00,57866.49,610.0,0.46,10932.0,19,South,1
APP-21419,2024-10-06 08:00,50033.86,724.0,0.336,5035.0,2,South,1
APP-21420,2024-10-07 00:00,55329.6,601.0,0.373,35422.0,12,North,1
APP-21421,2024-10-07 16:00,43734.74,658.0,0.508,28503.0,5,East,1
APP-21422,2024-10-08 08:00,33494.5,643.0,0.495,8463.0,5,South,1
APP-21423,2024-10-09 00:00,62115.51,604.0,0.474,28243.0,17,West,1
APP-21424,2024-10-09 16:00,62686.31,669.0,0.283,26408.0,4,South,1
APP-21425,2024-10-10 08:00,59733.01,717.0,0.518,21567.0,16,West,0
APP-21426,2024-10-11 00:00,62936.23,747.0,0.412,19674.0,24,North,1
APP-21427,2024-10-11 16:00,30508.9,685.0,0.492,36047.0,24,West,1
APP-21428,2024-10-12 08:00,38866.17,567.0,0.32,13580.0,2,East,1
APP-21429,2024-10-13 00:00,68157.6,556.0,0.656,18941.0,4,North,1
APP-21430,2024-10-13 16:00,54412.2,708.0,0.45,16519.0,2,North,1
APP-21431,2024-10-14 08:00,49011.01,580.0,0.37,31992.0,22,South,1
APP-21432,2024-10-15 00:00,43465.93,677.0,0.498,37076.0,12,North,1
APP-21433,2024-10-15 16:00,70822.18,648.0,0.523,34742.0,14,North,1
APP-21434,2024-10-16 08:00,16132.19,719.0,0.496,32920.0,16,West,1
APP-21435,2024-10-17 00:00,53293.31,671.0,0.301,39538.0,14,South,1
APP-21436,2024-10-17 16:00,46801.0,638.0,0.557,29400.0,4,East,1
APP-21437,2024-10-18 08:00,25454.71,764.0,0.379,31287.0,21,South,1
APP-21438,2024-10-19 00:00,77099.54,689.0,0.418,39398.0,13,East,0
APP-21439,2024-10-19 16:00,15000.0,673.0,0.155,5245.0,10,West,0
APP-21440,2024-10-20 08:00,50182.59,599.0,0.364,27192.0,13,North,1
APP-21441,2024-10-21 00:00,57512.31,571.0,0.364,30864.0,6,North,1
APP-21442,2024-10-21 16:00,30448.91,624.0,0.474,37124.0,2,South,1
APP-21443,2024-10-22 08:00,52990.69,550.0,0.357,35935.0,22,South,1
APP-21444,2024-10-23 00:00,43959.32,621.0,0.225,34469.0,19,South,1
APP-21445,2024-10-23 16:00,65784.89,688.0,0.449,38103.0,9,North,1
APP-21446,2024-10-24 08:00,111246.17,699.0,0.39,23808.0,10,North,0
APP-21447,2024-10-25 00:00,54094.69,619.0,0.333,5242.0,5,West,1
APP-21448,2024-10-25 16:00,58872.86,816.0,0.431,5387.0,4,East,1
APP-21449,2024-10-26 08:00,30447.19,716.0,0.206,24062.0,19,South,1
APP-21450,2024-10-27 00:00,51866.38,638.0,0.494,20235.0,21,North,1
APP-21451,2024-10-27 16:00,41285.79,708.0,0.398,20794.0,12,East,1
APP-21452,2024-10-28 08:00,62018.59,605.0,0.388,19014.0,11,South,1
APP-21453,2024-10-29 00:00,22331.29,655.0,0.534,37120.0,18,South,1
APP-21454,2024-10-29 16:00,28676.8,618.0,0.356,17571.0,18,East,1
APP-21455,2024-10-30 08:00,69240.35,567.0,0.451,34968.0,20,East,1
APP-21456,2024-10-31 00:00,51779.79,672.0,0.404,36600.0,4,East,1
APP-21457,2024-10-31 16:00,71828.84,640.0,0.806,22483.0,24,North,1
APP-21458,2024-11-01 08:00,54547.4,644.0,0.479,20643.0,19,West,1
APP-21459,2024-11-02 00:00,57176.02,638.0,0.283,31636.0,20,South,1
APP-21460,2024-11-02 16:00,42428.94,586.0,0.63,29779.0,8,South,1
APP-21461,2024-11-03 08:00,44514.71,735.0,0.545,16499.0,3,East,0
APP-21462,2024-11-04 00:00,65359.51,655.0,0.425,8589.0,14,North,1
APP-21463,2024-11-04 16:00,45421.76,624.0,0.368,14270.0,2,East,1
APP-21464,2024-11-05 08:00,69303.64,561.0,0.261,9586.0,22,North,1
APP-21465,2024-11-06 00:00,46022.63,724.0,0.472,15316.0,6,West,0
APP-21466,2024-11-06 16:00,26766.49,695.0,0.339,14164.0,23,South,1
APP-21467,2024-11-07 08:00,25126.38,640.0,0.314,27320.0,19,South,1
APP-21468,2024-11-08 00:00,44908.75,563.0,0.513,38407.0,19,North,1
APP-21469,2024-11-08 16:00,64483.32,740.0,0.605,29001.0,13,West,1
APP-21470,2024-11-09 08:00,36028.34,618.0,0.363,37433.0,13,West,1
APP-21471,2024-11-10 00:00,61172.16,600.0,0.517,32445.0,8,South,0
APP-21472,2024-11-10 16:00,49813.23,637.0,0.445,30476.0,22,South,1
APP-21473,2024-11-11 08:00,58911.78,663.0,0.463,19492.0,2,East,0
APP-21474,2024-11-12 00:00,42785.63,630.0,0.322,16368.0,8,North,1
APP-21475,2024-11-12 16:00,51294.18,437.0,0.395,34620.0,20,South,1
APP-21476,2024-11-13 08:00,64897.38,655.0,0.288,36689.0,3,West,1
APP-21477,2024-11-14 00:00,47690.91,695.0,0.273,20816.0,16,West,1
APP-21478,2024-11-14 16:00,38552.61,587.0,0.482,5317.0,24,South,1
APP-21479,2024-11-15 08:00,15280.58,734.0,0.357,32739.0,5,West,0
APP-21480,2024-11-16 00:00,57747.58,692.0,0.31,14977.0,15,North,0
APP-21481,2024-11-16 16:00,34110.22,668.0,0.275,5346.0,17,West,1
APP-21482,2024-11-17 08:00,38630.12,579.0,0.238,33175.0,12,West,1
APP-21483,2024-11-18 00:00,28724.57,657.0,0.185,23109.0,6,South,1
APP-21484,2024-11-18 16:00,43858.47,661.0,0.433,28982.0,2,North,0
APP-21485,2024-11-19 08:00,85755.79,635.0,0.105,37014.0,5,North,1
APP-21486,2024-11-20 00:00,54336.7,693.0,0.477,23941.0,23,East,1
APP-21487,2024-11-20 16:00,36405.51,618.0,0.476,22612.0,2,North,1
APP-21488,2024-11-21 08:00,39786.54,624.0,0.408,15173.0,11,East,1
APP-21489,2024-11-22 00:00,22102.86,600.0,0.429,15682.0,4,South,1
APP-21490,2024-11-22 16:00,27648.99,613.0,0.386,32879.0,21,West,1
APP-21491,2024-11-23 08:00,24788.7,631.0,0.447,20716.0,16,North,1
APP-21492,2024-11-24 00:00,52865.98,629.0,0.446,10723.0,9,East,0
APP-21493,2024-11-24 16:00,56040.81,626.0,0.576,8309.0,6,North,1
APP-21494,2024-11-25 08:00,49396.77,695.0,0.604,21552.0,3,South,1
APP-21495,2024-11-26 00:00,54657.13,730.0,0.6,21273.0,9,East,1
APP-21496,2024-11-26 16:00,34208.34,563.0,0.324,27871.0,6,East,1
APP-21497,2024-11-27 08:00,27331.02,729.0,0.511,21487.0,22,East,1
APP-21498,2024-11-28 00:00,27216.9,680.0,0.481,10022.0,10,South,1
APP-21499,2024-11-28 16:00,26419.33,586.0,0.342,22773.0,20,East,1
