customer_id,gender,age,tenure_months,monthly_charges,total_charges,contract_type,tech_support_calls,refund_issued_after_churn,cancellation_survey_score,churn
CUST-10000,Male,22,33,65.62,,Month-to-Month,1,0,,0
CUST-10001,Female,35,41,56.91,2331.09,Month-to-Month,2,0,,0
CUST-10002,Male,45,8,32.1,274.49,One-Year,0,0,,0
CUST-10003,Male,59,11,61.89,661.2,Month-to-Month,0,0,,0
CUST-10004,Male,39,51,95.12,4852.6,Month-to-Month,2,0,,0
CUST-10005,Female,38,41,27.1,1107.76,Two-Year,0,0,,0
CUST-10006,Male,23,17,28.02,471.02,Month-to-Month,0,0,,0
CUST-10007,Male,18,46,55.48,,Month-to-Month,2,1,0.6,1
CUST-10008,Male,22,32,114.17,3651.29,Two-Year,2,0,,0
CUST-10009,Female,58,54,86.86,,Month-to-Month,2,0,,0
CUST-10010,Male,29,20,87.87,1741.52,Month-to-Month,3,1,1.3,1
CUST-10011,Male,43,33,56.19,1861.49,Month-to-Month,2,0,,0
CUST-10012,Male,63,40,79.37,3158.43,Month-to-Month,3,1,0.9,1
CUST-10013,Male,51,32,21.01,679.81,One-Year,2,0,,0
CUST-10014,Female,66,2,83.61,168.47,Two-Year,1,0,,0
CUST-10015,Male,31,33,111.33,3672.19,Month-to-Month,3,0,,0
CUST-10016,Female,43,30,81.26,2436.99,One-Year,1,0,,0
CUST-10017,Female,62,33,107.37,,Month-to-Month,1,0,,0
CUST-10018,Female,44,26,92.4,2390.63,Month-to-Month,0,0,,0
CUST-10019,Male,26,22,32.06,705.74,One-Year,1,0,,0
CUST-10020,Female,43,66,110.25,7265.1,Month-to-Month,1,0,,0
CUST-10021,Male,74,38,26.64,1013.96,Month-to-Month,3,0,,0
CUST-10022,Female,64,46,73.4,,Month-to-Month,0,0,,0
CUST-10023,Female,74,15,34.21,,Month-to-Month,1,0,,0
CUST-10024,Female,39,44,21.17,937.57,Month-to-Month,1,0,,0
CUST-10025,Female,64,49,62.2,3040.8,Two-Year,1,1,1.9,1
CUST-10026,Female,73,61,49.5,3018.88,Month-to-Month,1,1,1.4,1
CUST-10027,Female,47,67,68.6,4593.82,Month-to-Month,1,0,,0
CUST-10028,Female,60,6,77.72,463.29,Month-to-Month,0,1,1.2,1
CUST-10029,Female,65,9,24.37,211.32,One-Year,1,0,,0
CUST-10030,Male,34,6,32.3,189.48,One-Year,2,0,,0
CUST-10031,Male,43,32,75.86,2416.39,One-Year,2,1,0.9,1
CUST-10032,Female,53,41,54.32,2210.18,One-Year,0,0,,0
CUST-10033,Female,18,8,92.92,736.35,Two-Year,1,0,,0
CUST-10034,Female,25,50,85.23,4267.76,Month-to-Month,6,0,,0
CUST-10035,Male,66,62,104.56,6485.06,Month-to-Month,1,0,,0
CUST-10036,Female,52,62,89.25,5520.93,Two-Year,1,0,,0
CUST-10037,Male,69,7,62.99,436.87,Two-Year,1,1,0.9,1
CUST-10038,Male,32,4,87.3,356.12,Two-Year,1,0,,0
CUST-10039,Male,64,6,47.54,280.76,Month-to-Month,1,0,1.5,1
CUST-10040,Male,73,58,50.63,,Month-to-Month,3,0,,0
CUST-10041,Male,39,22,98.9,2198.38,Month-to-Month,1,0,,0
CUST-10042,Female,31,26,64.64,1678.97,One-Year,1,0,,0
CUST-10043,Female,43,3,99.84,287.88,Month-to-Month,0,1,0.9,1
CUST-10044,Female,45,41,102.24,,Month-to-Month,3,0,,0
CUST-10045,Female,40,60,105.76,6344.74,Two-Year,0,0,,0
CUST-10046,Female,31,14,111.66,,Month-to-Month,0,0,0.6,1
CUST-10047,Male,41,12,63.1,758.13,Two-Year,2,0,,0
CUST-10048,Female,19,12,51.89,632.52,Month-to-Month,1,0,,0
CUST-10049,Female,62,13,78.22,,Month-to-Month,3,0,,0
CUST-10050,Male,43,25,57.12,1407.4,Month-to-Month,1,1,0.9,1
CUST-10051,Female,31,45,80.11,3608.37,One-Year,0,1,1.4,1
CUST-10052,Male,73,19,90.56,1726.67,Month-to-Month,5,1,0.5,1
CUST-10053,Female,68,55,88.84,4880.34,Month-to-Month,1,0,,0
CUST-10054,Male,24,45,57.46,2579.91,Two-Year,2,0,,0
CUST-10055,Female,20,8,36.69,316.1,Month-to-Month,2,0,,0
CUST-10056,Female,64,53,63.05,3335.07,One-Year,0,0,,0
CUST-10057,Male,40,55,34.26,1873.08,One-Year,0,1,0.6,1
CUST-10058,Male,63,32,109.01,3488.57,Month-to-Month,1,1,1.0,1
CUST-10059,Male,60,51,54.59,2789.84,One-Year,3,0,,0
CUST-10060,Male,64,44,35.45,1565.12,Month-to-Month,1,0,,0
CUST-10061,Male,62,70,22.54,1553.12,One-Year,2,0,,0
CUST-10062,Male,35,18,84.58,1515.83,Month-to-Month,0,0,,0
CUST-10063,Male,55,22,83.69,1852.71,One-Year,2,1,1.1,1
CUST-10064,Male,52,37,54.06,2003.49,Month-to-Month,0,0,,0
CUST-10065,Female,68,56,27.17,1509.16,One-Year,1,0,,0
CUST-10066,Female,32,59,60.96,3609.06,Month-to-Month,0,0,,0
CUST-10067,Male,42,3,51.12,163.01,Month-to-Month,1,0,,0
CUST-10068,Female,72,28,87.71,,Month-to-Month,1,0,,0
CUST-10069,Female,54,35,80.58,2829.09,Month-to-Month,0,1,1.3,1
CUST-10070,Female,45,61,56.46,3464.06,Two-Year,1,0,,0
CUST-10071,Female,27,54,41.79,2246.12,Month-to-Month,1,0,,0
CUST-10072,Male,56,63,118.8,7489.95,Two-Year,1,1,1.8,1
CUST-10073,Female,74,7,65.4,477.66,Two-Year,2,1,1.0,1
CUST-10074,Male,34,49,88.83,4359.2,One-Year,1,0,,0
CUST-10075,Female,56,31,34.06,1048.32,Month-to-Month,3,0,,0
CUST-10076,Female,39,58,68.56,3978.87,Month-to-Month,1,0,,0
CUST-10077,Female,43,61,22.75,1401.45,One-Year,0,0,,0
CUST-10078,Male,61,24,70.55,1683.04,Month-to-Month,2,1,1.5,1
CUST-10079,Female,42,20,116.4,,Month-to-Month,3,1,0.9,1
CUST-10080,Male,34,37,58.42,2159.11,One-Year,2,0,,0
CUST-10081,Female,30,4,23.9,89.29,Two-Year,1,1,1.1,1
CUST-10082,Male,37,20,23.1,464.42,One-Year,1,1,,0
CUST-10083,Female,42,60,58.8,3526.99,Month-to-Month,2,0,,0
CUST-10084,Male,21,24,36.0,870.43,One-Year,2,0,,0
CUST-10085,Male,27,50,22.34,1128.41,Month-to-Month,2,0,,0
CUST-10086,Female,20,49,95.62,,Month-to-Month,2,1,1.1,1
CUST-10087,Male,58,51,65.85,3359.03,Two-Year,2,0,,0
CUST-10088,Female,62,36,48.92,1760.59,Month-to-Month,6,1,1.4,1
CUST-10089,Female,35,66,110.01,,Month-to-Month,0,0,,0
CUST-10090,Female,64,34,31.61,1074.59,Month-to-Month,2,0,,0
CUST-10091,Female,53,36,115.59,4151.43,Two-Year,2,0,,0
CUST-10092,Female,64,6,51.4,322.95,One-Year,0,0,,0
CUST-10093,Female,39,39,108.84,4263.57,One-Year,2,1,1.2,1
CUST-10094,Female,51,42,80.29,3377.65,One-Year,1,0,,0
CUST-10095,Female,64,58,102.67,5960.84,Month-to-Month,1,0,,0
CUST-10096,Female,25,12,118.4,,Month-to-Month,4,1,1.4,1
CUST-10097,Female,57,3,48.84,,Month-to-Month,3,1,0.8,1
CUST-10098,Female,66,18,116.11,2065.55,Month-to-Month,1,1,1.7,1
CUST-10099,Male,61,40,58.95,,Month-to-Month,0,1,1.4,1
CUST-10100,Male,36,21,58.55,1223.82,Two-Year,0,0,,0
CUST-10101,Female,59,15,54.04,,Month-to-Month,0,1,0.9,1
CUST-10102,Female,58,26,74.14,1938.57,Month-to-Month,2,0,,0
CUST-10103,Female,54,8,35.41,,Month-to-Month,2,1,1.7,1
CUST-10104,Female,23,42,75.37,3161.94,Month-to-Month,5,0,,0
CUST-10105,Female,69,44,74.17,3249.45,Two-Year,1,0,,0
CUST-10106,Female,43,14,96.19,1345.57,Month-to-Month,0,1,1.6,1
CUST-10107,Female,51,2,103.36,213.44,Month-to-Month,1,1,1.1,1
CUST-10108,Female,73,37,64.04,2361.07,One-Year,2,1,1.7,1
CUST-10109,Male,62,69,50.23,,Month-to-Month,1,0,,0
CUST-10110,Female,23,38,45.93,,Month-to-Month,3,0,,0
CUST-10111,Male,54,41,39.46,1621.21,Month-to-Month,2,0,,0
CUST-10112,Female,74,62,25.76,1594.9,One-Year,1,0,,0
CUST-10113,Female,50,60,54.24,3268.31,Two-Year,3,0,,0
CUST-10114,Male,70,14,47.02,659.69,One-Year,0,0,,0
CUST-10115,Female,39,2,116.64,246.6,Month-to-Month,0,1,1.1,1
CUST-10116,Male,38,70,75.77,5316.36,Two-Year,1,0,,0
CUST-10117,Female,23,17,54.73,917.66,Month-to-Month,4,0,,0
CUST-10118,Female,23,28,78.05,2190.0,Month-to-Month,2,0,,0
CUST-10119,Male,72,66,33.92,,Month-to-Month,0,0,,0
CUST-10120,Female,65,35,64.4,2244.01,Month-to-Month,1,0,,0
CUST-10121,Male,21,5,82.62,,Month-to-Month,1,1,1.1,1
CUST-10122,Female,47,65,68.89,4469.68,One-Year,2,1,1.7,1
CUST-10123,Male,28,40,60.18,2416.1,Two-Year,3,0,,0
CUST-10124,Male,47,56,119.38,6688.12,Month-to-Month,3,0,,0
CUST-10125,Female,48,36,108.03,3869.72,Month-to-Month,3,0,,0
CUST-10126,Female,41,45,82.34,3708.71,Month-to-Month,1,0,,0
CUST-10127,Male,72,23,76.94,1767.1,Month-to-Month,1,1,1.2,1
CUST-10128,Female,26,47,82.07,3856.17,One-Year,1,1,0.9,1
CUST-10129,Female,72,31,40.13,,Month-to-Month,0,0,,0
CUST-10130,Female,20,11,59.51,658.09,Two-Year,2,1,0.6,1
CUST-10131,Male,68,10,23.95,250.0,Month-to-Month,1,0,,0
CUST-10132,Male,48,67,67.55,,Month-to-Month,3,0,,0
CUST-10133,Male,57,14,74.3,1023.38,Month-to-Month,2,1,1.2,1
CUST-10134,Male,54,10,42.77,424.67,Month-to-Month,1,0,,0
CUST-10135,Male,53,1,116.4,123.96,Month-to-Month,1,1,1.1,1
CUST-10136,Male,41,5,110.95,550.54,One-Year,2,1,0.4,1
CUST-10137,Male,48,20,92.21,1829.22,Month-to-Month,0,1,2.6,1
CUST-10138,Male,23,8,73.34,594.35,One-Year,3,1,0.9,1
CUST-10139,Male,19,43,107.0,4615.15,Month-to-Month,1,1,1.6,1
CUST-10140,Female,37,1,33.07,,Month-to-Month,0,0,,0
CUST-10141,Male,45,57,99.05,5629.79,Month-to-Month,0,0,,0
CUST-10142,Female,28,64,32.48,2075.54,Two-Year,1,1,0.9,1
CUST-10143,Female,21,28,99.42,2785.28,Month-to-Month,0,0,,0
CUST-10144,Female,32,37,47.58,1752.36,One-Year,2,0,,0
CUST-10145,Male,23,47,107.71,5068.2,Month-to-Month,1,1,1.2,1
CUST-10146,Male,71,37,114.4,4223.73,One-Year,0,0,1.1,1
CUST-10147,Male,66,49,34.88,1709.38,Month-to-Month,0,1,1.3,1
CUST-10148,Male,47,44,66.27,2913.6,One-Year,1,1,1.1,1
CUST-10149,Female,73,56,118.1,6619.76,One-Year,0,0,,0
CUST-10150,Male,55,28,68.34,1913.38,Two-Year,2,0,,0
CUST-10151,Male,68,6,106.35,636.14,Month-to-Month,1,1,1.2,1
CUST-10152,Male,74,61,78.87,,Month-to-Month,2,1,1.1,1
CUST-10153,Male,19,20,57.53,1150.95,Month-to-Month,1,0,,0
CUST-10154,Male,32,2,48.58,94.56,Two-Year,0,0,,0
CUST-10155,Female,28,37,40.32,1483.13,Month-to-Month,1,0,,0
CUST-10156,Male,25,20,96.18,1925.19,One-Year,6,1,1.1,1
CUST-10157,Female,43,26,58.65,1528.54,Month-to-Month,2,1,1.4,1
CUST-10158,Male,68,29,71.13,2059.39,Month-to-Month,1,1,1.3,1
CUST-10159,Female,62,1,69.23,,Month-to-Month,2,1,0.9,1
CUST-10160,Male,61,35,77.73,2723.19,Two-Year,3,0,,0
CUST-10161,Male,22,70,106.56,7446.36,One-Year,1,0,,0
CUST-10162,Female,23,59,118.07,6979.5,Two-Year,3,0,,0
CUST-10163,Female,43,69,60.76,4200.11,Month-to-Month,0,0,,0
CUST-10164,Female,71,33,102.75,3400.77,One-Year,2,0,,0
CUST-10165,Male,21,51,96.45,4922.96,One-Year,0,0,,0
CUST-10166,Female,36,12,77.35,904.82,Month-to-Month,3,1,1.4,1
CUST-10167,Male,37,20,115.6,2322.93,Two-Year,2,1,0.7,1
CUST-10168,Male,50,53,40.05,2123.26,Two-Year,4,0,,0
CUST-10169,Female,37,43,30.93,1333.52,Two-Year,1,0,,0
CUST-10170,Female,66,50,105.4,5275.4,One-Year,3,0,,0
CUST-10171,Male,29,29,63.91,1872.75,Month-to-Month,0,1,,0
CUST-10172,Male,64,57,104.7,5962.44,Month-to-Month,2,0,,0
CUST-10173,Female,18,39,109.31,4257.89,Two-Year,1,0,,0
CUST-10174,Female,43,56,26.25,1461.49,Month-to-Month,1,0,,0
CUST-10175,Female,31,43,108.35,4648.35,One-Year,0,0,,0
CUST-10176,Male,55,50,64.83,3230.98,One-Year,1,1,0.5,1
CUST-10177,Male,54,23,71.04,1615.4,One-Year,0,1,0.8,1
CUST-10178,Male,28,44,82.66,3641.31,Two-Year,0,0,,0
CUST-10179,Male,53,38,112.64,4300.2,Month-to-Month,2,1,1.0,1
CUST-10180,Male,30,23,21.91,524.45,Month-to-Month,0,0,,0
CUST-10181,Male,60,45,67.68,3037.08,Month-to-Month,0,1,1.2,1
CUST-10182,Female,20,52,88.77,,Month-to-Month,3,0,,0
CUST-10183,Male,50,50,92.27,4625.83,Month-to-Month,2,0,,0
CUST-10184,Male,23,8,89.25,718.32,Month-to-Month,1,0,,0
CUST-10185,Male,67,1,33.44,34.79,Two-Year,4,0,,0
CUST-10186,Female,73,8,49.94,396.95,Two-Year,2,0,,0
CUST-10187,Male,27,29,55.87,,Month-to-Month,3,0,,0
CUST-10188,Male,22,5,100.44,491.47,Month-to-Month,2,1,0.6,1
CUST-10189,Female,40,47,47.88,2255.17,Two-Year,1,0,0.9,1
CUST-10190,Male,27,34,41.07,1399.83,Month-to-Month,2,0,,0
CUST-10191,Male,61,65,115.74,7523.53,Month-to-Month,3,0,,0
CUST-10192,Male,19,55,20.89,1156.83,Month-to-Month,2,0,,0
CUST-10193,Male,30,43,119.78,5150.88,One-Year,1,0,,0
CUST-10194,Male,57,30,87.68,2625.05,Month-to-Month,2,0,,0
CUST-10195,Female,19,17,102.85,1749.38,Two-Year,2,0,0.8,1
CUST-10196,Female,37,26,49.46,,Month-to-Month,1,1,1.1,1
CUST-10197,Female,18,8,21.43,177.57,Month-to-Month,1,1,1.2,1
CUST-10198,Male,54,47,93.79,,Month-to-Month,0,0,,0
CUST-10199,Male,26,46,103.41,4750.29,Month-to-Month,1,0,,0
CUST-10200,Male,34,68,94.05,6386.45,One-Year,0,0,,0
CUST-10201,Female,26,33,34.29,1125.37,One-Year,2,0,,0
CUST-10202,Male,28,1,95.34,94.71,One-Year,2,0,0.6,1
CUST-10203,Male,32,19,96.89,1843.07,One-Year,2,1,1.8,1
CUST-10204,Female,41,31,85.85,2677.5,Two-Year,0,1,1.4,1
CUST-10205,Male,55,14,96.61,1367.43,Two-Year,2,1,0.9,1
CUST-10206,Female,72,53,104.59,5551.59,One-Year,2,0,,0
CUST-10207,Female,52,48,81.36,3906.49,Month-to-Month,3,0,1.5,1
CUST-10208,Female,47,69,28.86,1982.07,Month-to-Month,3,0,,0
CUST-10209,Male,48,62,68.76,4279.92,Month-to-Month,3,1,0.9,1
CUST-10210,Male,66,66,27.76,1829.68,One-Year,2,0,,0
CUST-10211,Male,22,64,60.75,3890.81,Month-to-Month,2,0,,0
CUST-10212,Male,61,70,60.71,4255.97,Month-to-Month,0,0,,0
CUST-10213,Male,67,63,26.6,1676.42,Two-Year,2,0,,0
CUST-10214,Male,31,33,54.88,1822.55,Two-Year,2,0,,0
CUST-10215,Male,70,41,31.1,1279.65,Two-Year,2,0,,0
CUST-10216,Female,73,48,100.82,4849.25,Month-to-Month,0,1,2.2,1
CUST-10217,Male,28,13,114.77,1496.48,One-Year,0,0,,0
CUST-10218,Female,26,31,27.23,843.75,Month-to-Month,2,1,1.5,1
CUST-10219,Male,51,68,115.51,,Month-to-Month,1,0,,0
CUST-10220,Male,29,4,72.26,288.42,Month-to-Month,2,0,,0
CUST-10221,Male,52,19,49.96,936.4,Month-to-Month,2,0,,0
CUST-10222,Female,52,70,27.69,1928.29,Month-to-Month,4,0,,0
CUST-10223,Female,18,13,70.06,918.19,Two-Year,0,0,,0
CUST-10224,Female,57,23,99.45,2274.76,Month-to-Month,1,1,1.3,1
CUST-10225,Female,39,1,90.71,86.67,One-Year,0,0,,0
CUST-10226,Male,46,54,25.02,1340.58,Month-to-Month,0,1,1.2,1
CUST-10227,Female,25,71,27.29,1933.01,Month-to-Month,0,0,,0
CUST-10228,Male,28,15,60.29,902.8,Month-to-Month,1,1,1.5,1
CUST-10229,Male,58,65,49.53,3215.39,Month-to-Month,2,0,,0
CUST-10230,Female,54,71,43.24,3055.76,One-Year,0,0,,0
CUST-10231,Female,31,15,48.1,719.64,Month-to-Month,1,1,1.8,1
CUST-10232,Female,47,21,100.35,2097.76,Month-to-Month,3,0,,0
CUST-10233,Female,52,19,112.92,2139.11,Month-to-Month,1,1,1.3,1
CUST-10234,Female,38,60,60.51,3638.01,Month-to-Month,3,0,,0
CUST-10235,Female,54,33,110.61,3659.68,Two-Year,3,1,1.2,1
CUST-10236,Female,22,49,52.15,2542.24,Month-to-Month,2,0,,0
CUST-10237,Female,36,35,67.64,2383.09,One-Year,1,1,1.6,1
CUST-10238,Male,31,44,42.6,1869.3,One-Year,1,1,,0
CUST-10239,Female,43,11,84.05,918.54,Two-Year,1,0,,0
CUST-10240,Female,21,66,117.9,7772.48,Two-Year,1,0,,0
CUST-10241,Male,42,46,80.35,3696.66,One-Year,0,0,,0
CUST-10242,Female,62,9,55.78,521.84,One-Year,2,0,,0
CUST-10243,Male,59,3,84.78,238.94,Two-Year,1,0,,0
CUST-10244,Male,42,26,32.29,818.97,Month-to-Month,3,0,,0
CUST-10245,Female,35,48,108.87,5228.45,Month-to-Month,2,0,1.6,1
CUST-10246,Male,57,66,70.31,,Month-to-Month,2,0,,0
CUST-10247,Male,25,70,64.93,4545.63,Two-Year,0,0,,0
CUST-10248,Male,56,28,78.59,2206.48,Two-Year,2,1,1.6,1
CUST-10249,Male,57,26,82.48,,Month-to-Month,1,1,0.9,1
CUST-10250,Female,31,25,27.18,670.05,One-Year,3,0,,0
CUST-10251,Male,49,12,88.26,1060.36,Month-to-Month,2,1,0.8,1
CUST-10252,Female,68,5,44.19,,Month-to-Month,0,0,,0
CUST-10253,Male,55,48,91.4,4392.81,Two-Year,4,1,1.4,1
CUST-10254,Male,50,37,102.25,3789.32,Month-to-Month,2,0,,0
CUST-10255,Male,40,44,100.4,4406.86,Month-to-Month,3,0,,0
CUST-10256,Male,32,15,75.25,1132.97,One-Year,0,0,,0
CUST-10257,Female,50,43,72.02,3085.04,One-Year,1,0,,0
CUST-10258,Female,42,48,34.29,1663.6,Month-to-Month,2,0,,0
CUST-10259,Male,34,70,97.53,6816.98,One-Year,2,0,,0
CUST-10260,Male,50,46,47.14,2160.48,Month-to-Month,1,1,0.8,1
CUST-10261,Female,64,43,69.67,2981.08,Month-to-Month,1,1,1.9,1
CUST-10262,Male,72,21,48.43,1017.89,Month-to-Month,1,1,1.1,1
CUST-10263,Male,19,23,33.38,768.18,One-Year,2,0,,0
CUST-10264,Male,31,47,82.96,3914.25,Month-to-Month,3,0,1.1,1
CUST-10265,Female,70,15,25.43,389.21,Two-Year,3,0,1.5,1
CUST-10266,Female,57,25,94.86,2363.59,Two-Year,1,0,,0
CUST-10267,Female,57,36,51.76,1872.09,Two-Year,1,0,,0
CUST-10268,Male,68,51,20.01,1008.07,Month-to-Month,1,0,,0
CUST-10269,Male,56,15,71.11,1059.47,Two-Year,3,1,1.8,1
CUST-10270,Female,68,68,24.69,1680.1,Month-to-Month,3,0,,0
CUST-10271,Female,23,21,47.62,988.7,Month-to-Month,2,0,,0
CUST-10272,Female,23,13,90.7,1189.75,Month-to-Month,1,0,0.7,1
CUST-10273,Female,20,19,26.27,521.92,Month-to-Month,0,0,,0
CUST-10274,Male,24,34,103.93,3530.67,One-Year,1,0,,0
CUST-10275,Female,68,68,20.38,,Month-to-Month,1,0,,0
CUST-10276,Male,25,52,44.68,2322.06,Month-to-Month,1,0,,0
CUST-10277,Female,59,27,94.09,2534.86,One-Year,2,0,,0
CUST-10278,Male,69,29,51.63,1499.89,Month-to-Month,3,0,,0
CUST-10279,Female,32,28,30.19,832.1,One-Year,3,0,,0
CUST-10280,Female,64,35,56.02,1963.89,Month-to-Month,1,0,,0
CUST-10281,Female,46,8,47.04,395.44,Two-Year,2,1,0.9,1
CUST-10282,Female,50,16,104.27,1648.3,Two-Year,1,1,0.9,1
CUST-10283,Male,69,36,51.33,,Month-to-Month,2,0,,0
CUST-10284,Female,47,30,98.89,2962.25,Month-to-Month,0,0,,0
CUST-10285,Male,56,18,109.19,1970.84,Month-to-Month,1,1,0.8,1
CUST-10286,Male,44,2,63.38,135.66,Two-Year,0,0,,0
CUST-10287,Male,53,49,110.99,5446.61,Month-to-Month,1,1,1.1,1
CUST-10288,Male,46,4,57.73,214.0,Month-to-Month,1,0,,0
CUST-10289,Female,55,7,116.41,,Month-to-Month,1,0,,0
CUST-10290,Male,74,39,28.93,1119.27,Month-to-Month,0,0,,0
CUST-10291,Male,50,13,88.7,,Month-to-Month,2,1,1.1,1
CUST-10292,Male,54,31,69.38,2150.96,Two-Year,1,1,1.3,1
CUST-10293,Female,44,71,58.76,,Month-to-Month,3,0,,0
CUST-10294,Female,72,63,83.27,5241.61,Month-to-Month,0,0,,0
CUST-10295,Female,50,56,90.39,5067.65,Two-Year,1,0,,0
CUST-10296,Female,21,42,20.44,852.2,Two-Year,4,0,,0
CUST-10297,Male,39,61,36.7,2236.7,Month-to-Month,1,0,,0
CUST-10298,Male,19,42,91.3,,Month-to-Month,0,1,1.1,1
CUST-10299,Female,27,56,86.64,4871.74,Month-to-Month,1,0,,0
CUST-10300,Male,22,36,116.6,4175.99,Two-Year,1,1,1.3,1
CUST-10301,Male,27,68,96.1,6535.94,Month-to-Month,2,0,,0
CUST-10302,Male,50,7,115.08,834.73,Two-Year,2,1,1.1,1
CUST-10303,Female,71,54,90.25,4878.29,One-Year,3,0,,0
CUST-10304,Female,55,1,49.81,49.99,Month-to-Month,3,0,,0
CUST-10305,Male,30,44,30.54,1356.89,Month-to-Month,2,0,,0
CUST-10306,Female,48,45,98.18,4420.28,Month-to-Month,1,1,1.1,1
CUST-10307,Female,64,47,84.41,3974.36,Month-to-Month,3,0,,0
CUST-10308,Female,53,13,24.82,,Month-to-Month,1,1,1.1,1
CUST-10309,Female,62,22,56.01,1234.26,One-Year,1,1,1.2,1
CUST-10310,Female,41,21,115.68,2433.55,Two-Year,1,1,1.0,1
CUST-10311,Male,69,9,70.04,639.02,One-Year,1,1,,0
CUST-10312,Female,73,26,63.27,1640.7,One-Year,1,1,0.9,1
CUST-10313,Male,32,9,65.77,,Month-to-Month,0,1,1.3,1
CUST-10314,Male,46,15,40.89,594.08,Month-to-Month,3,1,1.4,1
CUST-10315,Female,25,10,56.87,,Month-to-Month,3,1,1.3,1
CUST-10316,Male,22,42,56.98,2402.69,One-Year,3,0,,0
CUST-10317,Male,46,24,25.24,610.39,Two-Year,2,0,,0
CUST-10318,Male,64,49,96.76,4731.27,One-Year,1,0,,0
CUST-10319,Female,21,26,61.65,1583.86,Month-to-Month,1,1,1.5,1
CUST-10320,Female,29,37,102.22,3780.72,Month-to-Month,1,0,,0
CUST-10321,Male,62,68,105.03,7151.28,One-Year,2,0,,0
CUST-10322,Female,19,50,41.2,2055.21,Month-to-Month,0,0,,0
CUST-10323,Female,44,24,85.74,2043.31,Two-Year,0,0,,0
CUST-10324,Female,48,19,67.23,1271.47,Two-Year,2,0,,0
CUST-10325,Female,68,60,108.02,6484.46,One-Year,0,0,,0
CUST-10326,Male,68,39,41.57,,Month-to-Month,4,0,,0
CUST-10327,Male,53,18,87.78,1577.47,Month-to-Month,0,1,0.8,1
CUST-10328,Female,53,19,80.78,,Month-to-Month,0,1,1.5,1
CUST-10329,Female,43,36,49.53,1792.52,Month-to-Month,1,0,,0
CUST-10330,Male,60,55,33.66,1839.53,Month-to-Month,1,0,,0
CUST-10331,Male,44,69,85.16,5888.55,One-Year,4,0,,0
CUST-10332,Female,22,47,93.86,4414.37,One-Year,1,0,,0
CUST-10333,Male,37,49,51.56,2514.37,Month-to-Month,1,0,,0
CUST-10334,Female,28,33,84.48,2805.45,Month-to-Month,2,0,,0
CUST-10335,Female,27,21,59.51,,Month-to-Month,1,0,,0
CUST-10336,Male,57,22,91.32,1989.61,Month-to-Month,5,0,,0
CUST-10337,Male,55,48,39.92,1909.1,Two-Year,3,0,,0
CUST-10338,Female,23,37,109.02,,Month-to-Month,4,1,0.7,1
CUST-10339,Female,25,15,48.74,724.28,Month-to-Month,2,0,1.6,1
CUST-10340,Male,40,35,56.78,1982.85,Month-to-Month,1,0,,0
CUST-10341,Female,64,71,25.81,1829.94,Two-Year,1,0,,0
CUST-10342,Male,43,32,31.15,993.85,One-Year,2,0,,0
CUST-10343,Female,63,11,71.59,786.52,Month-to-Month,1,1,1.3,1
CUST-10344,Male,60,10,46.76,473.47,Month-to-Month,2,0,1.0,1
CUST-10345,Male,29,57,103.55,5894.89,One-Year,2,0,,0
CUST-10346,Male,43,25,21.47,548.56,Two-Year,1,1,0.8,1
CUST-10347,Female,30,2,57.91,103.57,Month-to-Month,1,0,,0
CUST-10348,Female,57,64,53.73,3444.87,Two-Year,1,0,,0
CUST-10349,Male,35,35,21.93,783.98,Two-Year,3,0,,0
CUST-10350,Female,42,7,32.44,225.31,Two-Year,1,0,,0
CUST-10351,Male,50,18,61.36,1106.41,One-Year,2,0,,0
CUST-10352,Male,64,67,69.29,4632.75,One-Year,3,0,,0
CUST-10353,Female,57,42,60.43,,Month-to-Month,1,0,,0
CUST-10354,Female,60,39,73.09,2866.19,One-Year,0,0,,0
CUST-10355,Male,29,41,79.51,3267.39,Month-to-Month,3,0,,0
CUST-10356,Female,61,24,20.99,507.95,One-Year,2,1,0.7,1
CUST-10357,Female,53,60,66.41,3965.22,Month-to-Month,1,0,,0
CUST-10358,Male,65,46,116.35,5344.94,One-Year,2,0,,0
CUST-10359,Male,21,19,71.9,1383.49,Two-Year,0,0,,0
CUST-10360,Female,22,68,87.75,5971.11,Month-to-Month,0,0,,0
CUST-10361,Male,73,42,51.19,2155.34,Two-Year,0,0,,0
CUST-10362,Male,54,32,97.4,3118.51,Month-to-Month,2,0,,0
CUST-10363,Female,25,39,97.29,3788.18,Two-Year,0,0,,0
CUST-10364,Male,59,36,72.13,2600.01,Month-to-Month,2,0,,0
CUST-10365,Male,66,36,117.6,,Month-to-Month,1,1,1.6,1
CUST-10366,Female,45,3,32.56,81.63,Two-Year,1,0,,0
CUST-10367,Female,48,8,21.69,,Month-to-Month,3,0,,0
CUST-10368,Male,26,70,97.02,6793.32,Two-Year,1,0,,0
CUST-10369,Male,71,41,100.72,4113.82,Month-to-Month,1,0,,0
CUST-10370,Female,68,68,32.02,2178.63,Month-to-Month,0,0,,0
CUST-10371,Female,46,13,46.56,595.33,Month-to-Month,4,1,1.3,1
CUST-10372,Female,31,49,21.76,1057.64,One-Year,0,0,,0
CUST-10373,Female,57,60,49.33,2972.8,Month-to-Month,4,0,,0
CUST-10374,Male,58,2,97.31,194.99,Month-to-Month,1,1,0.9,1
CUST-10375,Female,39,60,71.8,4298.96,Month-to-Month,2,0,,0
CUST-10376,Female,28,5,54.81,,Month-to-Month,1,0,,0
CUST-10377,Male,40,44,57.17,2500.78,Two-Year,1,0,,0
CUST-10378,Female,18,27,20.14,547.6,Two-Year,1,0,,0
CUST-10379,Male,63,32,49.98,,Month-to-Month,1,0,1.8,1
CUST-10380,Female,54,21,84.65,1784.27,One-Year,1,1,1.7,1
CUST-10381,Female,38,8,117.42,960.94,Month-to-Month,1,0,,0
CUST-10382,Female,43,50,104.71,5216.12,One-Year,0,1,0.8,1
CUST-10383,Male,63,67,22.36,1499.39,Two-Year,3,0,,0
CUST-10384,Male,53,44,109.86,4820.4,Two-Year,1,0,,0
CUST-10385,Female,71,58,98.32,,Month-to-Month,0,0,,0
CUST-10386,Male,40,3,98.04,294.14,One-Year,3,0,,0
CUST-10387,Male,74,70,65.8,4628.8,Month-to-Month,1,0,,0
CUST-10388,Male,18,2,59.8,119.0,Two-Year,2,1,1.4,1
CUST-10389,Male,71,44,50.29,2211.98,Month-to-Month,1,1,1.5,1
CUST-10390,Male,72,2,26.57,63.19,One-Year,2,0,,0
CUST-10391,Male,68,35,42.82,1498.17,One-Year,1,0,,0
CUST-10392,Female,57,30,44.66,1358.11,One-Year,2,1,1.8,1
CUST-10393,Female,32,8,68.41,553.98,Month-to-Month,4,0,,0
CUST-10394,Male,38,22,94.74,2092.57,Two-Year,0,1,2.0,1
CUST-10395,Female,64,44,67.38,2946.04,Month-to-Month,1,0,,0
CUST-10396,Female,26,58,25.78,1515.09,One-Year,0,0,,0
CUST-10397,Female,70,36,115.78,4161.52,Month-to-Month,0,1,0.8,1
CUST-10398,Female,26,69,114.27,7884.53,Month-to-Month,2,1,1.0,1
CUST-10399,Male,27,31,98.52,3047.59,Month-to-Month,0,0,,0
CUST-10400,Female,69,47,119.13,5588.87,Month-to-Month,1,0,,0
CUST-10401,Female,74,55,74.45,4082.73,Month-to-Month,0,0,,0
CUST-10402,Male,70,62,116.28,7210.39,Month-to-Month,0,0,,0
CUST-10403,Male,43,30,27.56,807.1,Month-to-Month,3,0,,0
CUST-10404,Female,58,55,56.57,3108.92,One-Year,3,0,,0
CUST-10405,Female,52,16,42.54,691.22,Two-Year,1,0,,0
CUST-10406,Female,69,12,39.58,481.28,Month-to-Month,3,0,,0
CUST-10407,Female,42,17,34.08,583.68,Month-to-Month,1,0,,0
CUST-10408,Female,43,16,82.24,1306.89,Month-to-Month,5,1,0.7,1
CUST-10409,Female,28,12,98.13,1161.7,Month-to-Month,1,0,,0
CUST-10410,Male,55,8,77.83,633.06,One-Year,3,1,1.9,1
CUST-10411,Female,19,3,34.7,99.61,One-Year,1,0,,0
CUST-10412,Female,24,16,101.11,1616.93,Month-to-Month,2,1,1.6,1
CUST-10413,Male,35,30,83.6,2506.02,Month-to-Month,1,0,,0
CUST-10414,Male,44,23,58.82,,Month-to-Month,2,1,0.5,1
CUST-10415,Male,51,5,87.41,455.48,Two-Year,0,1,1.9,1
CUST-10416,Male,44,65,45.99,3003.97,Two-Year,2,0,,0
CUST-10417,Female,34,30,54.52,1612.28,Month-to-Month,1,0,,0
CUST-10418,Female,60,21,111.75,2343.66,Month-to-Month,1,1,1.1,1
CUST-10419,Female,61,70,49.05,3420.03,Two-Year,2,0,,0
CUST-10420,Female,68,22,67.0,1483.38,Two-Year,1,0,,0
CUST-10421,Female,71,32,109.01,,Month-to-Month,2,0,,0
CUST-10422,Female,41,33,90.77,3001.47,Month-to-Month,0,1,0.8,1
CUST-10423,Male,42,16,26.22,415.58,Month-to-Month,0,0,,0
CUST-10424,Female,24,38,34.73,1309.35,One-Year,2,0,,0
CUST-10425,Male,69,14,20.78,282.24,Month-to-Month,1,0,,0
CUST-10426,Male,23,36,83.09,2975.91,Month-to-Month,1,0,,0
CUST-10427,Female,70,23,64.77,1477.07,One-Year,4,0,,0
CUST-10428,Male,41,66,33.43,2191.64,Month-to-Month,2,0,,0
CUST-10429,Female,50,2,115.79,221.22,One-Year,1,1,1.0,1
CUST-10430,Male,66,65,72.97,,Month-to-Month,1,1,1.0,1
CUST-10431,Female,46,67,44.19,2964.67,Month-to-Month,1,0,,0
CUST-10432,Male,60,52,70.06,3646.67,One-Year,2,0,,0
CUST-10433,Female,39,62,87.96,5457.45,Month-to-Month,1,1,,0
CUST-10434,Female,43,23,27.62,647.01,Two-Year,3,0,,0
CUST-10435,Female,45,26,47.47,,Month-to-Month,0,1,0.9,1
CUST-10436,Female,67,68,100.7,6839.79,Month-to-Month,0,0,,0
CUST-10437,Female,38,55,65.97,3650.46,One-Year,4,0,,0
CUST-10438,Male,66,6,74.66,,Month-to-Month,2,1,0.9,1
CUST-10439,Male,24,35,63.28,2216.32,Two-Year,2,0,,0
CUST-10440,Male,34,22,24.39,537.41,Month-to-Month,1,0,,0
CUST-10441,Female,37,43,36.57,1575.41,Month-to-Month,3,0,,0
CUST-10442,Male,58,15,64.55,,Month-to-Month,3,0,,0
CUST-10443,Female,66,60,40.92,2456.48,Month-to-Month,2,1,0.7,1
CUST-10444,Female,37,12,25.0,304.99,Two-Year,0,0,,0
CUST-10445,Male,71,49,104.36,5106.37,Two-Year,0,0,,0
CUST-10446,Male,39,42,118.12,4944.7,Month-to-Month,0,0,,0
CUST-10447,Female,45,38,99.31,3753.02,Month-to-Month,1,0,,0
CUST-10448,Male,57,45,105.38,4750.98,Two-Year,0,0,,0
CUST-10449,Female,66,35,44.2,1531.17,Two-Year,2,0,,0
CUST-10450,Female,24,30,116.06,3486.45,Month-to-Month,0,1,1.3,1
CUST-10451,Female,18,30,39.69,1179.16,Month-to-Month,4,0,,0
CUST-10452,Female,49,6,115.14,679.46,Month-to-Month,0,1,1.1,1
CUST-10453,Female,30,67,119.48,7997.98,Two-Year,0,0,,0
CUST-10454,Male,47,7,91.17,640.13,Month-to-Month,0,1,1.6,1
CUST-10455,Male,40,52,118.11,,Month-to-Month,2,0,,0
CUST-10456,Female,68,14,76.95,1071.13,One-Year,0,0,,0
CUST-10457,Female,73,15,45.95,,Month-to-Month,2,0,,0
CUST-10458,Male,36,21,63.7,1325.6,Month-to-Month,1,1,1.4,1
CUST-10459,Male,49,35,79.36,,Month-to-Month,2,0,,0
CUST-10460,Female,47,66,27.31,1785.23,Month-to-Month,1,0,,0
CUST-10461,Male,46,2,82.23,162.28,Month-to-Month,2,1,0.8,1
CUST-10462,Female,66,35,118.12,4146.93,Month-to-Month,3,1,1.7,1
CUST-10463,Male,62,20,39.01,766.96,Month-to-Month,0,0,,0
CUST-10464,Female,46,10,99.26,991.5,One-Year,3,1,1.3,1
CUST-10465,Male,47,25,110.79,2771.08,Two-Year,3,1,1.3,1
CUST-10466,Female,33,66,114.37,7540.35,One-Year,2,0,,0
CUST-10467,Male,57,25,116.01,2899.48,Month-to-Month,1,1,1.1,1
CUST-10468,Male,36,54,72.15,3901.71,Month-to-Month,1,0,,0
CUST-10469,Female,35,33,117.73,3880.42,Month-to-Month,3,1,0.8,1
CUST-10470,Male,18,36,95.73,,Month-to-Month,2,0,,0
CUST-10471,Female,31,14,36.17,510.31,Month-to-Month,1,1,1.4,1
CUST-10472,Male,68,65,67.69,4394.02,One-Year,2,0,2.0,1
CUST-10473,Female,64,54,91.83,4970.09,Month-to-Month,0,1,0.8,1
CUST-10474,Male,67,52,44.73,2318.55,Month-to-Month,0,0,,0
CUST-10475,Female,19,3,84.06,260.74,Month-to-Month,3,0,,0
CUST-10476,Male,71,41,86.66,3545.83,One-Year,1,0,,0
CUST-10477,Female,45,6,36.27,214.46,Month-to-Month,2,0,,0
CUST-10478,Male,66,25,76.51,1911.12,One-Year,1,0,,0
CUST-10479,Female,67,13,97.16,,Month-to-Month,1,0,,0
CUST-10480,Female,47,8,69.89,534.99,Two-Year,1,1,1.4,1
CUST-10481,Female,55,21,21.21,449.99,Two-Year,4,0,,0
CUST-10482,Male,68,68,20.9,,Month-to-Month,0,0,,0
CUST-10483,Female,21,25,55.7,1395.36,Month-to-Month,1,0,,0
CUST-10484,Male,18,68,112.62,7663.18,Month-to-Month,3,0,,0
CUST-10485,Female,25,45,42.87,,Month-to-Month,0,0,,0
CUST-10486,Male,46,60,83.44,4986.33,One-Year,1,0,,0
CUST-10487,Female,72,12,42.21,495.91,Two-Year,1,1,1.1,1
CUST-10488,Male,56,32,52.17,1672.77,One-Year,0,0,,0
CUST-10489,Male,20,13,104.8,1364.4,Two-Year,3,0,,0
CUST-10490,Female,49,31,92.89,2871.69,Month-to-Month,0,1,1.9,1
CUST-10491,Male,27,20,29.54,598.18,Month-to-Month,2,0,,0
CUST-10492,Male,27,18,62.87,1129.1,One-Year,0,0,1.5,1
CUST-10493,Female,36,60,22.92,,Month-to-Month,2,0,,0
CUST-10494,Male,63,63,68.09,4301.77,One-Year,1,0,,0
CUST-10495,Male,51,6,86.24,520.22,Month-to-Month,3,1,0.9,1
CUST-10496,Male,50,32,31.85,,Month-to-Month,3,0,,0
CUST-10497,Female,40,43,48.89,2096.19,Two-Year,2,0,,0
CUST-10498,Male,72,2,59.78,,Month-to-Month,3,0,,0
CUST-10499,Female,45,60,111.95,6719.18,Two-Year,2,1,1.3,1
CUST-10500,Male,49,23,119.33,2741.64,Two-Year,1,0,,0
CUST-10501,Male,67,31,24.49,747.0,One-Year,0,0,,0
CUST-10502,Male,24,5,96.1,475.65,One-Year,2,1,1.2,1
CUST-10503,Female,46,34,57.17,1932.69,One-Year,0,0,,0
CUST-10504,Male,25,10,59.25,600.11,Two-Year,1,0,,0
CUST-10505,Male,18,2,95.43,203.06,Month-to-Month,0,1,0.8,1
CUST-10506,Female,74,11,111.84,1239.4,Month-to-Month,0,0,,0
CUST-10507,Male,72,50,115.09,5779.36,One-Year,4,0,,0
CUST-10508,Female,20,31,77.71,2404.41,Month-to-Month,2,1,1.1,1
CUST-10509,Female,41,56,55.71,,Month-to-Month,0,0,,0
CUST-10510,Male,40,9,98.75,876.94,Month-to-Month,3,1,1.4,1
CUST-10511,Female,25,21,45.1,945.13,One-Year,0,0,,0
CUST-10512,Male,71,28,76.41,2124.71,Two-Year,1,0,,0
CUST-10513,Female,74,62,55.86,3469.0,Month-to-Month,2,1,1.1,1
CUST-10514,Female,64,7,85.66,596.07,Two-Year,2,0,,0
CUST-10515,Male,54,16,44.04,684.09,One-Year,1,0,,0
CUST-10516,Female,20,4,39.16,149.79,Two-Year,4,1,1.1,1
CUST-10517,Female,68,4,111.82,465.21,One-Year,1,0,,0
CUST-10518,Female,50,40,30.18,1211.3,One-Year,2,0,,0
CUST-10519,Female,45,17,70.6,,Month-to-Month,3,1,1.6,1
CUST-10520,Female,64,52,42.09,2189.94,Two-Year,0,0,,0
CUST-10521,Male,25,52,23.89,1240.46,Month-to-Month,2,0,,0
CUST-10522,Female,51,36,23.6,849.76,Two-Year,1,0,,0
CUST-10523,Male,52,38,37.52,1428.21,Two-Year,1,0,,0
CUST-10524,Female,49,50,106.68,5323.03,Month-to-Month,1,0,,0
CUST-10525,Male,41,63,48.25,,Month-to-Month,1,1,1.6,1
CUST-10526,Male,31,63,115.05,7259.37,One-Year,2,1,1.2,1
CUST-10527,Female,49,62,78.16,4843.95,Month-to-Month,2,1,1.4,1
CUST-10528,Female,73,7,63.66,440.39,Two-Year,1,1,1.0,1
CUST-10529,Female,63,27,78.01,2098.85,Month-to-Month,2,1,1.5,1
CUST-10530,Male,60,14,71.67,1020.97,Month-to-Month,3,0,,0
CUST-10531,Female,33,71,95.88,6802.96,Two-Year,2,0,,0
CUST-10532,Male,21,5,48.25,247.78,One-Year,2,1,1.6,1
CUST-10533,Male,69,55,55.31,3040.15,Two-Year,3,0,,0
CUST-10534,Male,54,2,109.41,216.38,Month-to-Month,1,0,,0
CUST-10535,Female,71,62,114.65,7100.65,One-Year,1,0,,0
CUST-10536,Female,38,21,109.26,2284.76,One-Year,2,1,1.1,1
CUST-10537,Male,31,21,61.94,1308.14,One-Year,0,0,,0
CUST-10538,Male,48,10,98.04,970.47,One-Year,2,0,0.8,1
CUST-10539,Female,72,58,67.63,3927.17,One-Year,0,0,,0
CUST-10540,Male,65,39,69.75,2721.16,Month-to-Month,1,1,0.8,1
CUST-10541,Female,35,5,40.47,209.88,Month-to-Month,0,1,1.4,1
CUST-10542,Male,24,65,79.11,5136.05,One-Year,1,0,,0
CUST-10543,Female,27,13,38.61,512.73,Month-to-Month,1,0,,0
CUST-10544,Male,24,53,53.16,2816.07,One-Year,2,0,,0
CUST-10545,Female,50,45,105.5,,Month-to-Month,1,0,,0
CUST-10546,Male,40,32,40.71,1286.58,One-Year,2,1,0.9,1
CUST-10547,Female,38,36,27.12,1000.61,One-Year,1,0,,0
CUST-10548,Female,36,60,26.9,1612.74,Month-to-Month,2,0,,0
CUST-10549,Male,65,11,114.08,1257.11,Month-to-Month,1,0,,0
CUST-10550,Male,36,63,70.69,4447.43,Month-to-Month,1,0,,0
CUST-10551,Female,53,21,60.94,1264.05,One-Year,1,0,,0
CUST-10552,Male,46,52,101.09,5251.4,Two-Year,2,0,,0
CUST-10553,Female,35,55,103.58,5693.24,Month-to-Month,2,1,1.5,1
CUST-10554,Male,19,26,53.22,1385.55,One-Year,0,1,1.4,1
CUST-10555,Female,18,68,89.36,6087.69,Month-to-Month,1,0,,0
CUST-10556,Female,64,34,97.11,3303.65,Month-to-Month,0,1,1.4,1
CUST-10557,Female,22,52,85.47,4446.52,Two-Year,4,0,,0
CUST-10558,Female,37,52,35.16,,Month-to-Month,1,0,,0
CUST-10559,Female,28,29,107.59,,Month-to-Month,2,1,0.7,1
CUST-10560,Female,59,38,73.91,2791.95,Month-to-Month,1,0,,0
CUST-10561,Male,19,42,48.25,,Month-to-Month,0,0,,0
CUST-10562,Male,20,21,62.52,1309.19,Month-to-Month,0,0,,0
CUST-10563,Male,40,42,23.76,,Month-to-Month,4,0,,0
CUST-10564,Female,72,13,32.79,419.37,One-Year,0,0,,0
CUST-10565,Female,29,64,96.55,6165.52,Month-to-Month,1,0,,0
CUST-10566,Female,37,17,20.0,344.88,Month-to-Month,2,0,,0
CUST-10567,Female,22,9,61.66,559.32,Month-to-Month,0,0,,0
CUST-10568,Male,54,41,72.25,,Month-to-Month,0,1,1.5,1
CUST-10569,Male,55,1,25.46,6.46,One-Year,3,1,1.1,1
CUST-10570,Female,47,2,117.31,232.25,Two-Year,1,0,,0
CUST-10571,Male,26,60,42.61,2559.89,Month-to-Month,0,0,,0
CUST-10572,Male,51,48,50.42,2428.27,Two-Year,2,0,,0
CUST-10573,Female,70,29,50.39,1478.84,One-Year,2,0,,0
CUST-10574,Male,61,10,43.04,441.58,One-Year,3,1,1.1,1
CUST-10575,Female,52,58,20.15,1170.35,Month-to-Month,0,0,,0
CUST-10576,Male,69,60,92.93,5572.95,Month-to-Month,0,0,,0
CUST-10577,Female,39,21,116.68,2442.85,Month-to-Month,0,1,0.9,1
CUST-10578,Female,61,28,42.43,1201.6,One-Year,2,0,,0
CUST-10579,Female,41,34,86.3,2935.87,Month-to-Month,1,0,,0
CUST-10580,Female,34,8,94.19,759.83,Two-Year,1,0,,0
CUST-10581,Male,27,59,104.84,6179.66,Month-to-Month,1,1,1.4,1
CUST-10582,Female,47,49,62.26,3038.33,Month-to-Month,1,0,,0
CUST-10583,Female,73,17,50.29,850.93,One-Year,1,0,,0
CUST-10584,Female,63,60,52.53,3148.77,Month-to-Month,0,0,,0
CUST-10585,Male,40,45,91.26,4108.62,Month-to-Month,0,0,,0
CUST-10586,Female,49,69,101.68,7008.55,One-Year,1,0,,0
CUST-10587,Male,34,32,38.16,1221.37,Two-Year,3,0,,0
CUST-10588,Female,67,44,57.09,2523.74,One-Year,0,0,,0
CUST-10589,Male,68,65,110.19,7145.62,One-Year,0,1,1.2,1
CUST-10590,Male,34,8,100.67,784.19,One-Year,1,1,0.6,1
CUST-10591,Female,31,43,118.49,5107.53,Two-Year,0,0,,0
CUST-10592,Male,26,1,95.42,80.78,Month-to-Month,0,1,1.3,1
CUST-10593,Female,57,51,59.32,3021.52,Month-to-Month,1,0,,0
CUST-10594,Female,19,24,79.06,,Month-to-Month,2,0,,0
CUST-10595,Female,62,24,86.1,2065.81,Month-to-Month,0,0,,0
CUST-10596,Male,42,17,27.85,472.72,One-Year,0,0,,0
CUST-10597,Male,56,5,74.45,372.97,One-Year,5,0,,0
CUST-10598,Female,26,20,90.93,1843.79,One-Year,1,0,,0
CUST-10599,Female,71,21,36.73,789.14,Month-to-Month,0,1,1.1,1
CUST-10600,Male,39,58,98.06,5680.54,One-Year,0,0,,0
CUST-10601,Female,60,31,78.38,2440.29,Month-to-Month,3,0,,0
CUST-10602,Female,63,11,115.22,1272.48,One-Year,0,0,,0
CUST-10603,Female,21,52,24.24,1260.28,One-Year,2,0,,0
CUST-10604,Male,43,15,46.53,688.87,Month-to-Month,1,0,,0
CUST-10605,Male,46,7,80.16,565.63,Month-to-Month,1,1,0.7,1
CUST-10606,Male,62,28,49.66,1387.42,Month-to-Month,1,0,,0
CUST-10607,Female,51,51,91.44,4659.64,Two-Year,2,1,1.5,1
CUST-10608,Female,40,58,95.9,5554.53,Two-Year,1,0,,0
CUST-10609,Female,54,5,30.25,161.25,One-Year,0,0,,0
CUST-10610,Male,28,5,71.39,349.27,Month-to-Month,2,1,0.8,1
CUST-10611,Female,23,8,70.89,559.5,Month-to-Month,1,0,,0
CUST-10612,Female,35,64,56.93,3651.3,One-Year,1,0,1.4,1
CUST-10613,Female,38,10,113.29,1131.46,One-Year,3,1,,0
CUST-10614,Female,59,38,102.75,,Month-to-Month,2,1,1.3,1
CUST-10615,Male,53,8,89.72,728.09,Month-to-Month,2,1,1.7,1
CUST-10616,Male,58,25,91.43,2298.89,One-Year,4,0,,0
CUST-10617,Female,55,66,66.17,4345.94,Month-to-Month,3,0,,0
CUST-10618,Male,51,50,112.1,5603.71,Month-to-Month,0,1,0.5,1
CUST-10619,Male,34,67,89.46,5979.72,Month-to-Month,2,1,0.9,1
CUST-10620,Female,54,49,92.9,,Month-to-Month,1,0,,0
CUST-10621,Female,42,36,106.17,3822.05,Two-Year,1,1,,0
CUST-10622,Male,55,68,47.41,3220.33,Two-Year,1,0,,0
CUST-10623,Female,29,41,100.71,4118.86,One-Year,3,0,,0
CUST-10624,Male,40,62,39.52,2439.48,Month-to-Month,0,0,,0
CUST-10625,Female,70,10,54.53,552.58,Month-to-Month,1,1,1.4,1
CUST-10626,Male,59,21,53.56,,Month-to-Month,4,1,1.1,1
CUST-10627,Female,39,36,117.85,,Month-to-Month,1,1,1.3,1
CUST-10628,Male,38,12,105.65,1264.52,One-Year,2,0,,0
CUST-10629,Male,44,2,90.12,187.56,Month-to-Month,2,0,,0
CUST-10630,Male,74,13,92.71,1204.9,Month-to-Month,1,1,1.4,1
CUST-10631,Female,48,53,76.21,4027.99,Month-to-Month,1,0,,0
CUST-10632,Male,23,32,114.71,3665.94,Month-to-Month,4,0,,0
CUST-10633,Male,44,16,69.63,1117.1,Month-to-Month,2,1,1.3,1
CUST-10634,Female,57,32,58.05,1854.53,Month-to-Month,2,1,1.5,1
CUST-10635,Female,51,32,36.3,1161.12,Two-Year,2,1,0.6,1
CUST-10636,Male,29,11,98.62,1084.63,Month-to-Month,3,1,2.0,1
CUST-10637,Male,62,10,93.44,929.16,Month-to-Month,2,0,,0
CUST-10638,Female,74,15,58.44,884.77,Two-Year,1,0,,0
CUST-10639,Female,70,17,22.52,378.07,Two-Year,2,1,1.3,1
CUST-10640,Female,24,40,103.9,4145.95,One-Year,1,1,1.0,1
CUST-10641,Female,27,18,21.14,402.82,Two-Year,2,0,,0
CUST-10642,Female,62,55,90.37,4969.57,Month-to-Month,2,0,,0
CUST-10643,Male,34,25,117.03,2899.75,Month-to-Month,2,1,1.6,1
CUST-10644,Female,43,59,63.77,3774.98,Month-to-Month,2,0,,0
CUST-10645,Male,38,22,43.5,969.52,One-Year,2,0,1.0,1
CUST-10646,Male,45,30,90.49,2719.27,One-Year,1,0,,0
CUST-10647,Male,63,44,101.71,4481.56,Month-to-Month,0,0,,0
CUST-10648,Female,19,32,74.64,2410.08,Month-to-Month,2,1,0.8,1
CUST-10649,Male,71,51,116.7,5942.07,One-Year,0,0,,0
CUST-10650,Male,60,46,25.17,1159.15,Month-to-Month,0,0,,0
CUST-10651,Female,18,21,70.48,1499.78,One-Year,2,1,1.6,1
CUST-10652,Male,68,32,91.85,2961.02,One-Year,1,1,1.4,1
CUST-10653,Male,70,39,106.26,4140.48,One-Year,0,1,1.4,1
CUST-10654,Female,53,12,37.93,475.26,One-Year,0,0,,0
CUST-10655,Male,68,47,100.0,4708.03,Two-Year,1,0,,0
CUST-10656,Male,43,18,75.27,1369.81,Month-to-Month,1,1,1.2,1
CUST-10657,Male,46,21,59.66,1260.56,One-Year,3,0,,0
CUST-10658,Female,38,13,33.17,434.26,One-Year,2,0,,0
CUST-10659,Female,28,21,106.53,,Month-to-Month,1,1,1.6,1
CUST-10660,Female,57,8,35.73,280.55,Month-to-Month,1,0,,0
CUST-10661,Male,28,46,50.98,2364.1,Month-to-Month,4,0,,0
CUST-10662,Male,53,7,49.0,363.61,Month-to-Month,2,1,1.4,1
CUST-10663,Female,66,23,107.14,2477.85,One-Year,1,0,,0
CUST-10664,Male,56,22,87.27,1919.22,Two-Year,1,0,,0
CUST-10665,Male,57,22,99.67,2195.18,Month-to-Month,1,1,,0
CUST-10666,Female,52,29,45.05,1293.7,Month-to-Month,0,0,,0
CUST-10667,Female,71,13,82.49,1067.84,Two-Year,3,1,0.8,1
CUST-10668,Male,51,2,77.17,160.55,Month-to-Month,2,0,,0
CUST-10669,Male,72,29,103.28,,Month-to-Month,0,0,1.3,1
CUST-10670,Male,64,52,110.61,5748.74,One-Year,5,0,,0
CUST-10671,Female,41,27,21.22,592.39,Month-to-Month,0,1,0.9,1
CUST-10672,Female,71,50,87.4,4368.46,Month-to-Month,1,0,,0
CUST-10673,Female,39,23,25.18,,Month-to-Month,3,1,0.8,1
CUST-10674,Female,22,44,74.89,3300.83,Month-to-Month,1,0,,0
CUST-10675,Male,73,22,48.76,1069.64,One-Year,2,0,,0
CUST-10676,Female,50,43,50.68,2177.69,Month-to-Month,2,0,,0
CUST-10677,Female,53,37,55.3,,Month-to-Month,1,0,,0
CUST-10678,Female,64,61,82.13,4989.42,One-Year,3,0,,0
CUST-10679,Female,37,56,53.4,2999.87,Two-Year,1,0,,0
CUST-10680,Female,36,3,93.27,,Month-to-Month,2,1,1.2,1
CUST-10681,Male,52,63,60.45,,Month-to-Month,2,0,,0
CUST-10682,Male,69,19,26.84,513.84,One-Year,2,0,,0
CUST-10683,Female,60,23,98.38,,Month-to-Month,0,0,,0
CUST-10684,Male,34,29,48.58,1410.8,Month-to-Month,1,0,,0
CUST-10685,Female,62,30,63.28,1900.41,One-Year,4,0,,0
CUST-10686,Female,60,39,88.54,3467.82,Two-Year,0,0,,0
CUST-10687,Male,51,25,53.25,1331.88,Two-Year,1,0,,0
CUST-10688,Male,26,8,25.66,208.16,One-Year,0,0,,0
CUST-10689,Female,43,58,57.39,3316.0,One-Year,2,0,,0
CUST-10690,Female,19,16,114.44,,Month-to-Month,4,1,1.6,1
CUST-10691,Female,70,1,84.17,98.71,One-Year,3,0,,0
CUST-10692,Male,26,5,87.15,440.04,Month-to-Month,0,0,,0
CUST-10693,Female,26,3,83.23,,Month-to-Month,1,0,,0
CUST-10694,Female,57,65,39.9,2583.76,One-Year,0,1,1.1,1
CUST-10695,Female,34,4,61.83,239.91,One-Year,1,0,,0
CUST-10696,Male,18,64,95.09,6095.76,Month-to-Month,3,1,,0
CUST-10697,Female,42,10,30.14,310.17,Two-Year,0,0,,0
CUST-10698,Female,60,21,47.79,969.05,Month-to-Month,3,0,0.9,1
CUST-10699,Male,57,46,47.63,2190.17,Month-to-Month,2,0,,0
CUST-10700,Female,59,27,63.2,,Month-to-Month,2,0,,0
CUST-10701,Female,42,66,118.04,7781.02,One-Year,1,0,,0
CUST-10702,Male,56,41,26.75,1092.85,One-Year,2,0,,0
CUST-10703,Female,52,13,71.87,947.62,Month-to-Month,1,1,1.8,1
CUST-10704,Male,20,9,37.94,345.55,One-Year,1,0,,0
CUST-10705,Male,67,36,117.07,4209.52,Month-to-Month,6,1,0.6,1
CUST-10706,Female,54,58,31.33,1815.27,One-Year,2,0,,0
CUST-10707,Female,61,54,60.36,,Month-to-Month,1,0,,0
CUST-10708,Female,61,12,93.79,1128.3,Month-to-Month,2,1,1.1,1
CUST-10709,Female,68,14,90.46,1252.14,Two-Year,0,1,2.2,1
CUST-10710,Male,47,34,62.27,2110.48,Month-to-Month,0,0,,0
CUST-10711,Female,55,53,54.65,2906.8,Month-to-Month,2,0,,0
CUST-10712,Male,51,20,59.76,1194.47,One-Year,2,0,,0
CUST-10713,Female,29,16,46.43,734.38,Two-Year,1,0,,0
CUST-10714,Female,36,70,40.53,2829.01,Month-to-Month,0,0,,0
CUST-10715,Female,54,56,68.3,3832.01,Month-to-Month,1,0,,0
CUST-10716,Male,61,58,46.85,,Month-to-Month,1,0,,0
CUST-10717,Female,66,4,48.75,200.11,Month-to-Month,0,1,1.6,1
CUST-10718,Female,34,4,85.68,,Month-to-Month,1,1,1.3,1
CUST-10719,Female,27,20,116.85,2325.7,One-Year,0,1,2.2,1
CUST-10720,Female,74,10,80.36,806.04,Two-Year,1,0,,0
CUST-10721,Male,72,24,27.7,663.83,Month-to-Month,0,0,,0
CUST-10722,Female,66,26,27.56,723.41,Month-to-Month,5,1,,0
CUST-10723,Male,64,37,115.14,,Month-to-Month,4,1,1.5,1
CUST-10724,Male,29,54,49.73,2681.84,Month-to-Month,3,0,,0
CUST-10725,Male,33,21,29.21,616.9,Two-Year,1,0,,0
CUST-10726,Male,41,38,79.9,,Month-to-Month,1,0,,0
CUST-10727,Male,36,46,82.36,3794.9,Month-to-Month,0,0,,0
CUST-10728,Male,25,4,84.85,341.73,One-Year,1,1,0.7,1
CUST-10729,Female,48,60,46.74,2798.16,Month-to-Month,3,0,,0
CUST-10730,Male,38,57,21.51,1218.99,One-Year,2,0,,0
CUST-10731,Male,34,45,116.5,,Month-to-Month,0,0,1.3,1
CUST-10732,Male,40,20,45.09,913.42,Two-Year,1,0,,0
CUST-10733,Female,54,17,87.6,1498.21,Two-Year,3,0,,0
CUST-10734,Female,71,71,90.66,6427.43,One-Year,2,1,,0
CUST-10735,Male,33,4,81.0,315.62,Two-Year,1,0,,0
CUST-10736,Female,23,14,51.29,711.16,Month-to-Month,2,1,1.3,1
CUST-10737,Male,25,3,47.11,135.36,Month-to-Month,1,0,,0
CUST-10738,Male,42,58,79.77,4608.49,One-Year,2,1,1.0,1
CUST-10739,Female,35,55,106.61,5871.45,One-Year,2,0,,0
CUST-10740,Male,42,4,114.67,454.12,Month-to-Month,0,1,0.9,1
CUST-10741,Female,29,24,30.59,,Month-to-Month,2,0,,0
CUST-10742,Female,32,34,35.48,1203.16,Month-to-Month,1,0,,0
CUST-10743,Male,43,30,114.47,3433.87,Month-to-Month,1,1,1.1,1
CUST-10744,Male,58,19,93.65,1772.5,Month-to-Month,2,1,1.8,1
CUST-10745,Female,62,31,108.3,3357.02,One-Year,1,0,,0
CUST-10746,Male,43,60,40.26,2406.89,Month-to-Month,1,0,,0
CUST-10747,Male,64,60,78.76,4725.39,Month-to-Month,0,0,,0
CUST-10748,Male,49,19,90.11,1726.66,One-Year,1,0,,0
CUST-10749,Female,27,49,88.01,4317.7,One-Year,2,0,,0
CUST-10750,Female,33,63,60.82,3834.57,Two-Year,1,0,,0
CUST-10751,Male,24,22,21.54,460.68,One-Year,3,0,,0
CUST-10752,Female,34,24,78.29,,Month-to-Month,2,1,1.1,1
CUST-10753,Female,40,30,45.31,1365.94,Two-Year,0,1,0.6,1
CUST-10754,Female,43,58,65.03,3774.42,Month-to-Month,0,0,,0
CUST-10755,Female,38,31,115.76,3590.7,Month-to-Month,2,1,1.5,1
CUST-10756,Female,39,64,59.9,3832.2,One-Year,3,0,,0
CUST-10757,Male,24,19,103.98,1982.11,Two-Year,0,1,1.1,1
CUST-10758,Male,31,48,38.85,1878.77,Month-to-Month,2,0,,0
CUST-10759,Male,32,45,87.25,3929.56,Month-to-Month,2,0,,0
CUST-10760,Female,70,55,117.7,6463.78,Month-to-Month,2,0,,0
CUST-10761,Female,24,55,30.19,1651.5,Month-to-Month,0,0,,0
CUST-10762,Male,26,18,20.83,382.2,Month-to-Month,2,1,1.8,1
CUST-10763,Female,68,63,63.36,3982.04,One-Year,2,0,,0
CUST-10764,Male,65,47,29.26,1377.23,Month-to-Month,0,0,,0
CUST-10765,Male,25,57,94.84,5402.42,Two-Year,0,0,,0
CUST-10766,Male,67,45,111.45,5004.53,One-Year,1,1,1.7,1
CUST-10767,Female,40,33,63.4,2100.52,One-Year,1,0,,0
CUST-10768,Female,46,17,45.87,786.86,Two-Year,1,0,,0
CUST-10769,Male,35,70,63.44,4427.24,Month-to-Month,1,0,,0
CUST-10770,Male,48,4,92.34,,Month-to-Month,2,1,1.3,1
CUST-10771,Male,47,20,20.91,421.55,One-Year,3,1,1.1,1
CUST-10772,Male,69,47,78.95,3719.02,Two-Year,1,0,,0
CUST-10773,Female,56,15,81.33,1221.62,One-Year,3,1,1.2,1
CUST-10774,Female,52,70,83.77,5878.17,Month-to-Month,2,0,,0
CUST-10775,Male,35,47,44.2,2076.13,Two-Year,3,0,,0
CUST-10776,Male,59,9,91.41,819.97,Month-to-Month,2,1,0.8,1
CUST-10777,Female,56,16,29.14,456.49,Two-Year,4,0,,0
CUST-10778,Female,34,69,39.93,2745.83,Two-Year,2,0,,0
CUST-10779,Male,31,61,107.75,6562.51,Month-to-Month,1,1,0.9,1
CUST-10780,Male,48,10,93.87,940.88,One-Year,1,0,,0
CUST-10781,Male,41,50,21.37,1065.81,Month-to-Month,0,0,,0
CUST-10782,Female,52,3,44.84,,Month-to-Month,1,1,1.1,1
CUST-10783,Female,61,70,41.44,,Month-to-Month,1,0,,0
CUST-10784,Female,62,51,47.08,2392.52,One-Year,3,1,0.5,1
CUST-10785,Male,51,19,44.76,841.71,Two-Year,1,0,,0
CUST-10786,Male,20,42,26.25,1124.19,One-Year,0,0,,0
CUST-10787,Female,54,35,65.89,,Month-to-Month,2,1,1.5,1
CUST-10788,Female,60,46,93.27,4289.76,Two-Year,0,0,,0
CUST-10789,Male,57,26,80.67,2096.65,Two-Year,0,0,,0
CUST-10790,Female,43,69,87.29,6038.54,Month-to-Month,2,0,,0
CUST-10791,Female,72,64,28.11,1782.91,Two-Year,2,0,,0
CUST-10792,Male,40,37,115.15,4259.95,Month-to-Month,1,0,,0
CUST-10793,Female,61,49,103.85,5072.42,Two-Year,1,0,,0
CUST-10794,Male,56,21,100.51,2086.91,Month-to-Month,0,0,,0
CUST-10795,Male,32,64,102.3,6539.86,Month-to-Month,1,1,1.1,1
CUST-10796,Male,73,5,113.27,,Month-to-Month,1,1,1.2,1
CUST-10797,Male,66,70,74.43,5202.12,One-Year,1,0,,0
CUST-10798,Male,21,4,40.03,,Month-to-Month,4,1,0.9,1
CUST-10799,Male,46,39,81.68,3186.58,Month-to-Month,2,0,,0
CUST-10800,Male,39,35,94.29,3298.76,One-Year,2,0,,0
CUST-10801,Female,42,1,93.79,106.44,Two-Year,1,0,,0
CUST-10802,Male,30,24,72.14,1725.4,Month-to-Month,5,1,0.5,1
CUST-10803,Male,35,57,26.85,1534.26,Month-to-Month,1,0,,0
CUST-10804,Female,50,70,57.11,3979.67,Month-to-Month,3,0,,0
CUST-10805,Female,33,41,112.08,,Month-to-Month,1,0,,0
CUST-10806,Female,62,54,78.44,4233.19,Two-Year,2,0,,0
CUST-10807,Male,59,46,73.83,3384.36,Two-Year,2,0,,0
CUST-10808,Female,61,60,46.89,2817.38,One-Year,0,0,,0
CUST-10809,Male,19,60,56.84,3403.01,Month-to-Month,1,0,,0
CUST-10810,Male,72,57,109.53,6260.53,One-Year,3,0,,0
CUST-10811,Male,52,31,86.65,2661.81,One-Year,2,0,,0
CUST-10812,Male,59,24,98.74,2372.24,Two-Year,2,1,1.7,1
CUST-10813,Female,51,36,65.43,2355.91,One-Year,2,0,,0
CUST-10814,Female,47,30,83.02,2487.79,One-Year,0,0,,0
CUST-10815,Male,72,24,44.84,1070.87,One-Year,4,0,,0
CUST-10816,Male,30,30,90.55,2717.19,Month-to-Month,0,1,1.2,1
CUST-10817,Male,30,7,62.76,449.94,Two-Year,2,1,1.4,1
CUST-10818,Female,35,35,64.25,2232.03,Month-to-Month,1,1,0.7,1
CUST-10819,Male,49,55,84.93,4663.09,One-Year,0,0,,0
CUST-10820,Male,49,14,113.63,,Month-to-Month,0,1,1.5,1
CUST-10821,Female,52,10,26.4,253.03,One-Year,2,0,,0
CUST-10822,Female,56,16,102.47,1642.95,One-Year,2,0,,0
CUST-10823,Male,63,54,49.24,2664.85,Month-to-Month,0,0,0.7,1
CUST-10824,Female,69,70,64.39,4517.95,Month-to-Month,0,0,,0
CUST-10825,Female,46,44,22.19,982.41,One-Year,2,0,,0
CUST-10826,Male,66,45,50.1,2261.36,One-Year,2,0,,0
CUST-10827,Female,46,56,70.26,3920.44,Month-to-Month,1,1,1.2,1
CUST-10828,Male,70,57,25.62,1475.18,Month-to-Month,2,0,,0
CUST-10829,Female,61,21,69.11,1449.21,One-Year,1,0,,0
CUST-10830,Male,74,68,112.71,,Month-to-Month,3,0,,0
CUST-10831,Male,33,50,30.54,1513.24,Month-to-Month,1,0,,0
CUST-10832,Male,73,33,96.44,3180.11,Month-to-Month,1,0,,0
CUST-10833,Female,61,7,60.97,436.22,Month-to-Month,6,1,2.0,1
CUST-10834,Male,64,70,85.52,,Month-to-Month,1,0,,0
CUST-10835,Female,74,15,46.02,,Month-to-Month,1,1,1.3,1
CUST-10836,Male,27,32,35.95,1163.5,Month-to-Month,2,1,1.4,1
CUST-10837,Male,47,20,36.05,709.29,Month-to-Month,0,0,,0
CUST-10838,Female,42,15,27.05,405.55,Month-to-Month,1,1,1.0,1
CUST-10839,Male,56,48,38.56,1857.28,Month-to-Month,0,0,,0
CUST-10840,Male,37,71,86.42,6156.78,Month-to-Month,0,0,,0
CUST-10841,Female,22,21,108.17,2266.99,Two-Year,1,1,0.4,1
CUST-10842,Male,18,42,101.41,,Month-to-Month,3,0,,0
CUST-10843,Male,47,26,88.51,,Month-to-Month,2,0,,0
CUST-10844,Male,66,14,31.04,436.94,Month-to-Month,0,0,,0
CUST-10845,Male,20,57,48.92,2794.32,Month-to-Month,2,0,,0
CUST-10846,Female,62,37,50.98,1897.19,One-Year,1,0,,0
CUST-10847,Female,31,58,45.0,2617.56,One-Year,3,0,,0
CUST-10848,Male,73,21,71.5,1496.53,Two-Year,2,0,,0
CUST-10849,Female,47,69,73.56,5083.77,One-Year,1,0,,0
CUST-10850,Male,67,3,55.69,167.99,Two-Year,0,0,,0
CUST-10851,Female,21,37,55.38,,Month-to-Month,3,1,1.0,1
CUST-10852,Male,35,49,102.86,5048.16,Month-to-Month,3,0,,0
CUST-10853,Male,54,19,98.93,1895.97,Month-to-Month,2,1,1.1,1
CUST-10854,Male,42,12,50.78,605.81,Month-to-Month,2,0,,0
CUST-10855,Male,65,61,111.38,6788.72,Month-to-Month,0,0,,0
CUST-10856,Male,18,41,115.28,4730.95,One-Year,0,1,0.5,1
CUST-10857,Male,70,33,52.67,1749.94,Month-to-Month,1,1,0.7,1
CUST-10858,Female,63,50,55.44,2772.58,Two-Year,1,0,,0
CUST-10859,Male,32,68,70.56,4810.56,Two-Year,1,0,,0
CUST-10860,Female,26,71,114.11,8108.71,Month-to-Month,1,0,,0
CUST-10861,Male,32,33,107.63,,Month-to-Month,2,1,1.9,1
CUST-10862,Female,66,24,30.26,,Month-to-Month,1,1,1.1,1
CUST-10863,Female,74,61,59.27,3611.12,Month-to-Month,2,0,,0
CUST-10864,Female,41,61,75.34,4598.13,Month-to-Month,0,0,,0
CUST-10865,Male,21,28,70.31,1957.95,Month-to-Month,2,0,,0
CUST-10866,Male,29,58,39.39,2283.94,Month-to-Month,1,0,,0
CUST-10867,Female,54,43,105.88,,Month-to-Month,1,0,,0
CUST-10868,Male,54,41,87.69,3602.96,Two-Year,3,0,,0
CUST-10869,Female,60,39,103.79,4054.02,One-Year,1,1,0.9,1
CUST-10870,Male,23,49,105.88,5190.99,Two-Year,2,0,,0
CUST-10871,Female,56,17,94.84,1613.88,Month-to-Month,0,1,1.2,1
CUST-10872,Female,73,70,63.92,4461.73,Month-to-Month,1,0,1.5,1
CUST-10873,Male,63,70,81.05,5671.44,One-Year,1,0,,0
CUST-10874,Female,41,65,36.04,,Month-to-Month,1,0,,0
CUST-10875,Male,28,5,87.36,425.56,Month-to-Month,2,1,1.4,1
CUST-10876,Female,30,2,37.93,58.34,One-Year,1,0,,0
CUST-10877,Female,51,22,89.39,1977.87,One-Year,2,0,,0
CUST-10878,Male,42,57,42.96,2449.23,Month-to-Month,2,1,1.7,1
CUST-10879,Male,24,66,31.76,2098.26,Month-to-Month,2,0,,0
CUST-10880,Male,69,16,36.53,590.04,Month-to-Month,1,0,,0
CUST-10881,Female,21,51,20.2,1020.38,Month-to-Month,1,0,,0
CUST-10882,Male,25,39,91.87,3578.9,Month-to-Month,0,1,1.5,1
CUST-10883,Female,37,40,93.24,,Month-to-Month,1,1,0.9,1
CUST-10884,Female,46,38,71.49,2711.73,Month-to-Month,0,0,,0
CUST-10885,Male,71,60,36.14,2165.74,Two-Year,1,0,,0
CUST-10886,Male,70,59,28.36,1666.55,One-Year,2,0,,0
CUST-10887,Female,68,10,21.91,211.69,One-Year,1,0,,0
CUST-10888,Female,62,64,36.57,2351.53,Month-to-Month,0,0,,0
CUST-10889,Male,63,63,109.09,6847.9,Month-to-Month,1,0,,0
CUST-10890,Male,27,49,44.15,2158.78,Month-to-Month,2,0,,0
CUST-10891,Male,60,64,55.43,3549.77,Month-to-Month,2,0,,0
CUST-10892,Male,51,32,30.53,993.93,Month-to-Month,0,0,,0
CUST-10893,Male,74,7,42.24,284.33,One-Year,2,0,,0
CUST-10894,Female,43,21,71.92,1497.26,One-Year,2,0,,0
CUST-10895,Female,58,20,80.78,1607.0,Month-to-Month,1,1,1.0,1
CUST-10896,Female,66,26,44.54,1165.06,Month-to-Month,0,0,1.1,1
CUST-10897,Female,20,68,25.77,1753.61,Two-Year,1,0,,0
CUST-10898,Male,73,15,59.1,872.07,Month-to-Month,2,1,0.6,1
CUST-10899,Male,23,14,43.42,608.88,Month-to-Month,2,0,,0
CUST-10900,Male,22,27,41.96,1148.43,Month-to-Month,3,0,,0
CUST-10901,Female,22,40,115.99,4642.24,One-Year,2,0,,0
CUST-10902,Female,71,58,81.63,4736.19,Two-Year,1,0,,0
CUST-10903,Male,64,28,75.69,2121.57,Month-to-Month,0,1,1.4,1
CUST-10904,Male,40,26,61.58,1605.23,Two-Year,2,0,,0
CUST-10905,Female,66,63,62.89,3949.4,Two-Year,0,0,,0
CUST-10906,Female,26,66,74.09,4887.62,Month-to-Month,2,0,,0
CUST-10907,Male,52,25,89.64,2239.2,Month-to-Month,4,0,1.0,1
CUST-10908,Male,37,3,90.21,265.8,Month-to-Month,2,0,,0
CUST-10909,Female,66,44,37.17,1642.34,Two-Year,0,0,,0
CUST-10910,Male,59,42,70.01,2934.08,Month-to-Month,2,0,,0
CUST-10911,Male,52,6,61.2,363.6,One-Year,1,0,,0
CUST-10912,Male,67,39,107.05,4162.35,Month-to-Month,1,0,,0
CUST-10913,Female,35,52,83.14,4327.06,One-Year,2,0,,0
CUST-10914,Female,34,23,73.25,,Month-to-Month,3,0,,0
CUST-10915,Female,41,50,31.54,1573.39,One-Year,0,0,,0
CUST-10916,Female,20,43,80.56,3472.15,Two-Year,4,0,,0
CUST-10917,Female,49,19,31.72,601.21,Two-Year,1,0,,0
CUST-10918,Female,52,69,53.72,3681.41,Two-Year,0,0,,0
CUST-10919,Female,55,51,34.28,,Month-to-Month,0,0,,0
CUST-10920,Male,30,11,89.21,979.55,One-Year,2,1,0.2,1
CUST-10921,Male,73,12,40.63,488.59,Month-to-Month,0,0,,0
CUST-10922,Male,64,8,59.19,,Month-to-Month,4,1,0.9,1
CUST-10923,Male,42,24,109.57,2622.84,Month-to-Month,1,0,,0
CUST-10924,Male,26,41,40.43,1672.34,Month-to-Month,0,0,0.9,1
CUST-10925,Male,21,36,70.78,2547.42,Month-to-Month,3,0,,0
CUST-10926,Male,31,55,61.93,3404.15,Two-Year,1,1,0.9,1
CUST-10927,Female,54,9,21.81,203.74,Month-to-Month,1,1,0.9,1
CUST-10928,Female,51,47,99.28,4666.35,One-Year,1,0,,0
CUST-10929,Male,28,15,26.9,,Month-to-Month,1,0,,0
CUST-10930,Male,58,48,67.43,,Month-to-Month,2,0,,0
CUST-10931,Female,73,42,76.07,,Month-to-Month,0,0,,0
CUST-10932,Male,20,60,82.84,4962.91,Two-Year,2,0,,0
CUST-10933,Male,45,70,88.86,6228.91,Two-Year,4,0,,0
CUST-10934,Female,46,12,45.33,547.05,Two-Year,0,0,,0
CUST-10935,Male,26,2,21.0,38.61,Two-Year,2,0,,0
CUST-10936,Female,20,7,92.34,637.66,Month-to-Month,1,1,0.7,1
CUST-10937,Male,42,3,73.57,207.62,Month-to-Month,2,0,,0
CUST-10938,Female,51,3,103.61,315.02,One-Year,1,1,0.6,1
CUST-10939,Female,29,27,102.14,,Month-to-Month,2,1,0.9,1
CUST-10940,Female,59,40,104.33,4186.28,Month-to-Month,2,0,,0
CUST-10941,Male,26,33,68.51,,Month-to-Month,0,0,,0
CUST-10942,Female,32,1,53.36,51.58,One-Year,3,0,,0
CUST-10943,Male,57,8,99.16,784.46,One-Year,0,0,1.1,1
CUST-10944,Male,42,32,65.13,,Month-to-Month,3,0,,0
CUST-10945,Male,22,48,38.34,1840.59,Month-to-Month,2,0,,0
CUST-10946,Male,28,4,105.5,426.45,One-Year,1,0,,0
CUST-10947,Female,51,70,108.26,7562.94,One-Year,5,0,,0
CUST-10948,Female,41,19,66.63,1258.33,Month-to-Month,0,0,,0
CUST-10949,Male,32,32,27.57,891.95,One-Year,1,0,,0
CUST-10950,Male,55,9,58.78,535.61,Month-to-Month,1,1,1.8,1
CUST-10951,Female,25,12,100.35,1179.21,Month-to-Month,0,1,1.3,1
CUST-10952,Male,22,11,110.18,1215.75,One-Year,1,1,1.4,1
CUST-10953,Female,65,46,40.35,1845.78,One-Year,1,0,,0
CUST-10954,Male,43,16,26.7,421.28,Month-to-Month,1,1,0.7,1
CUST-10955,Male,35,1,107.74,105.47,One-Year,2,0,1.8,1
CUST-10956,Female,23,63,58.94,3728.79,One-Year,2,0,,0
CUST-10957,Male,54,21,74.18,1547.35,One-Year,1,0,,0
CUST-10958,Female,65,30,116.81,3490.26,One-Year,1,0,,0
CUST-10959,Male,30,13,26.66,351.08,One-Year,2,0,,0
CUST-10960,Male,45,34,84.83,,Month-to-Month,0,1,0.7,1
CUST-10961,Male,22,4,27.41,121.71,Month-to-Month,0,0,0.2,1
CUST-10962,Female,30,28,57.55,1607.87,Month-to-Month,2,0,,0
CUST-10963,Male,34,59,100.38,5934.53,Month-to-Month,1,0,,0
CUST-10964,Male,67,27,63.35,1710.61,One-Year,1,1,1.0,1
CUST-10965,Male,57,69,119.72,,Month-to-Month,1,1,1.3,1
CUST-10966,Male,62,25,75.91,1913.99,Month-to-Month,0,1,1.4,1
CUST-10967,Female,49,3,52.12,,Month-to-Month,0,0,,0
CUST-10968,Female,46,68,42.01,2867.13,Month-to-Month,2,0,,0
CUST-10969,Male,68,25,55.05,1370.11,Month-to-Month,0,0,,0
CUST-10970,Female,20,20,57.25,1147.28,One-Year,0,0,,0
CUST-10971,Male,73,34,26.87,899.13,Month-to-Month,1,1,1.2,1
CUST-10972,Male,57,26,56.96,1475.92,One-Year,3,0,,0
CUST-10973,Male,51,5,66.42,321.52,Two-Year,0,1,1.0,1
CUST-10974,Female,57,61,92.27,5640.68,Month-to-Month,3,0,,0
CUST-10975,Female,44,9,85.67,788.42,Month-to-Month,3,1,1.3,1
CUST-10976,Female,30,50,90.88,4540.45,Month-to-Month,2,1,,0
CUST-10977,Female,62,6,20.84,117.31,One-Year,1,0,,0
CUST-10978,Female,50,60,41.77,2493.06,One-Year,1,1,,0
CUST-10979,Female,23,44,86.17,,Month-to-Month,2,1,1.6,1
CUST-10980,Female,41,11,68.4,,Month-to-Month,1,0,0.8,1
CUST-10981,Female,36,66,20.53,1349.49,Two-Year,3,0,,0
CUST-10982,Female,33,47,100.45,,Month-to-Month,1,0,,0
CUST-10983,Male,57,3,97.28,288.88,Month-to-Month,1,0,,0
CUST-10984,Female,45,30,74.84,2251.07,Two-Year,1,0,,0
CUST-10985,Female,50,21,26.65,560.18,One-Year,3,0,,0
CUST-10986,Female,65,28,96.65,2692.65,Two-Year,2,0,,0
CUST-10987,Female,58,62,78.37,4840.49,One-Year,0,0,,0
CUST-10988,Female,30,33,98.2,3245.48,Two-Year,3,0,,0
CUST-10989,Female,60,35,95.17,3347.99,Month-to-Month,2,1,1.8,1
CUST-10990,Female,62,52,100.3,5218.75,One-Year,2,0,,0
CUST-10991,Female,42,34,71.8,2447.44,Two-Year,3,0,,0
CUST-10992,Female,70,41,34.03,1386.18,One-Year,2,0,,0
CUST-10993,Female,59,51,87.12,4453.27,Month-to-Month,1,0,,0
CUST-10994,Female,53,47,82.05,3866.38,Month-to-Month,3,1,1.6,1
CUST-10995,Male,44,58,94.23,5458.38,Month-to-Month,3,0,,0
CUST-10996,Male,55,57,36.99,,Month-to-Month,1,0,,0
CUST-10997,Female,24,23,39.5,890.84,Month-to-Month,3,1,1.3,1
CUST-10998,Female,22,48,109.04,5241.16,One-Year,2,0,,0
CUST-10999,Male,60,22,95.0,2084.28,One-Year,2,1,1.3,1
CUST-11000,Female,62,17,110.82,1871.67,Month-to-Month,2,1,1.8,1
CUST-11001,Male,74,69,95.87,6619.06,One-Year,2,0,,0
CUST-11002,Male,68,11,79.72,859.2,Month-to-Month,4,1,1.5,1
CUST-11003,Male,48,15,85.41,,Month-to-Month,1,1,0.7,1
CUST-11004,Male,40,35,108.91,3800.53,Month-to-Month,1,1,1.1,1
CUST-11005,Male,59,33,77.88,2556.58,Month-to-Month,1,1,1.5,1
CUST-11006,Female,27,16,83.24,1332.44,Month-to-Month,2,0,,0
CUST-11007,Male,49,34,35.65,,Month-to-Month,0,0,,0
CUST-11008,Female,60,66,67.39,4462.31,Month-to-Month,1,0,,0
CUST-11009,Female,70,40,91.64,3652.75,Two-Year,0,0,0.9,1
CUST-11010,Male,47,28,47.09,1332.27,Month-to-Month,4,0,,0
CUST-11011,Male,56,47,40.23,1879.43,One-Year,2,0,,0
CUST-11012,Female,48,39,51.38,2013.01,One-Year,4,0,,0
CUST-11013,Male,35,70,44.15,3101.56,One-Year,2,0,,0
CUST-11014,Male,53,20,41.49,833.01,Two-Year,1,1,1.1,1
CUST-11015,Female,19,1,62.49,54.58,Month-to-Month,1,1,1.2,1
CUST-11016,Female,31,63,110.78,6963.91,Month-to-Month,3,0,,0
CUST-11017,Male,30,67,70.71,4718.05,Two-Year,3,0,,0
CUST-11018,Female,46,4,38.79,,Month-to-Month,1,1,1.3,1
CUST-11019,Male,29,58,27.7,1603.63,One-Year,0,0,,0
CUST-11020,Male,56,25,89.62,2229.45,One-Year,2,1,1.0,1
CUST-11021,Male,19,47,58.28,2727.73,One-Year,3,1,1.4,1
CUST-11022,Female,49,38,102.18,3884.52,Two-Year,2,0,,0
CUST-11023,Female,30,15,85.95,1285.3,Two-Year,0,1,0.9,1
CUST-11024,Female,63,63,99.62,6256.87,One-Year,0,0,,0
CUST-11025,Female,44,21,47.19,999.64,Month-to-Month,2,0,,0
CUST-11026,Female,66,57,89.24,5090.03,Two-Year,0,0,,0
CUST-11027,Male,58,53,46.41,2478.13,Month-to-Month,1,1,1.8,1
CUST-11028,Male,34,46,113.91,5251.27,Month-to-Month,1,0,,0
CUST-11029,Male,57,14,83.64,1139.98,Two-Year,0,1,1.1,1
CUST-11030,Male,48,17,52.45,905.82,Month-to-Month,1,0,,0
CUST-11031,Female,51,39,46.95,1843.12,Month-to-Month,1,0,,0
CUST-11032,Male,41,9,39.09,344.45,Month-to-Month,2,0,,0
CUST-11033,Female,62,6,89.46,532.43,Two-Year,2,1,1.4,1
CUST-11034,Male,52,23,41.87,967.13,Month-to-Month,0,1,0.2,1
CUST-11035,Female,65,59,79.53,4682.13,One-Year,3,0,,0
CUST-11036,Female,23,46,46.46,2134.73,Month-to-Month,0,0,,0
CUST-11037,Male,36,38,86.2,3285.6,One-Year,1,0,,0
CUST-11038,Male,47,14,101.49,1426.04,One-Year,2,0,,0
CUST-11039,Male,24,62,97.8,,Month-to-Month,3,0,,0
CUST-11040,Male,27,35,96.09,3373.38,Month-to-Month,0,1,1.1,1
CUST-11041,Female,58,19,38.77,739.66,Month-to-Month,1,0,,0
CUST-11042,Male,49,30,28.84,867.89,Two-Year,1,0,,0
CUST-11043,Male,51,25,89.89,2242.1,One-Year,1,0,,0
CUST-11044,Female,45,40,56.83,2273.13,Two-Year,1,0,,0
CUST-11045,Male,32,14,63.23,877.48,Month-to-Month,1,1,1.3,1
CUST-11046,Male,47,26,23.11,581.45,One-Year,1,0,,0
CUST-11047,Male,54,22,45.96,1008.32,One-Year,3,0,,0
CUST-11048,Male,46,48,23.37,1120.54,One-Year,0,0,,0
CUST-11049,Male,39,51,107.92,5505.29,Two-Year,2,0,,0
CUST-11050,Female,21,3,44.34,145.14,Month-to-Month,1,1,0.9,1
CUST-11051,Male,37,42,75.73,3174.14,Month-to-Month,1,1,0.7,1
CUST-11052,Male,49,19,23.9,450.42,One-Year,3,0,,0
CUST-11053,Male,53,28,86.68,2434.7,One-Year,2,0,,0
CUST-11054,Male,67,45,52.3,2345.97,One-Year,0,0,,0
CUST-11055,Male,21,71,109.79,7796.63,Month-to-Month,0,1,1.9,1
CUST-11056,Female,44,63,108.81,,Month-to-Month,0,0,,0
CUST-11057,Male,34,19,52.53,995.63,Month-to-Month,1,0,,0
CUST-11058,Female,29,47,110.1,,Month-to-Month,1,1,1.5,1
CUST-11059,Female,39,14,119.62,1670.95,One-Year,3,0,,0
CUST-11060,Male,34,38,102.54,3904.43,One-Year,1,0,,0
CUST-11061,Male,27,53,104.49,5518.45,Month-to-Month,1,0,,0
CUST-11062,Male,71,61,44.9,2724.6,Month-to-Month,2,0,,0
CUST-11063,Male,18,36,77.67,2772.94,Month-to-Month,2,0,,0
CUST-11064,Female,39,40,26.73,1057.54,Month-to-Month,1,0,,0
CUST-11065,Male,43,30,29.49,903.27,One-Year,3,0,,0
CUST-11066,Male,73,9,119.89,1078.83,Two-Year,0,1,0.7,1
CUST-11067,Male,35,64,52.66,3363.03,Month-to-Month,2,0,,0
CUST-11068,Male,67,33,94.82,3136.89,One-Year,3,0,,0
CUST-11069,Male,31,52,100.67,5244.08,Two-Year,3,0,,0
CUST-11070,Male,64,14,105.8,1468.99,Two-Year,2,1,1.1,1
CUST-11071,Female,46,53,119.76,,Month-to-Month,2,1,,0
CUST-11072,Female,29,59,44.15,2607.61,Two-Year,3,0,,0
CUST-11073,Male,53,41,24.04,989.66,Month-to-Month,1,0,,0
CUST-11074,Male,52,68,61.12,,Month-to-Month,0,0,,0
CUST-11075,Male,69,68,33.01,2249.63,Month-to-Month,1,0,,0
CUST-11076,Female,29,8,22.24,171.71,Month-to-Month,1,1,1.5,1
CUST-11077,Male,24,2,56.04,,Month-to-Month,1,1,0.9,1
CUST-11078,Female,46,41,98.37,4030.32,Month-to-Month,3,0,,0
CUST-11079,Male,28,55,76.62,4223.68,Month-to-Month,0,0,,0
CUST-11080,Male,50,16,51.28,815.73,Two-Year,2,0,,0
CUST-11081,Male,23,62,85.43,5290.14,Two-Year,1,0,,0
CUST-11082,Male,64,48,43.2,2092.62,Month-to-Month,2,0,,0
CUST-11083,Female,32,30,21.44,642.12,Two-Year,0,0,,0
CUST-11084,Female,49,12,96.44,1156.94,Two-Year,0,1,0.9,1
CUST-11085,Male,68,35,82.37,2885.79,One-Year,2,1,2.0,1
CUST-11086,Male,28,11,96.23,1084.55,Month-to-Month,0,1,1.6,1
CUST-11087,Female,40,64,23.89,1550.65,One-Year,2,0,,0
CUST-11088,Female,43,50,103.71,5198.34,Two-Year,1,0,,0
CUST-11089,Female,51,21,81.95,1749.49,One-Year,2,0,,0
CUST-11090,Female,63,69,76.34,,Month-to-Month,2,1,1.3,1
CUST-11091,Male,51,48,82.46,3964.64,Month-to-Month,1,0,,0
CUST-11092,Female,46,20,106.44,2129.56,One-Year,2,0,,0
CUST-11093,Male,21,67,78.69,5254.54,Month-to-Month,0,0,,0
CUST-11094,Female,34,44,78.1,3441.03,Month-to-Month,0,1,0.9,1
CUST-11095,Female,52,33,119.07,3924.4,Month-to-Month,1,1,1.6,1
CUST-11096,Female,30,61,95.67,5851.21,Two-Year,2,1,1.5,1
CUST-11097,Female,58,9,64.23,574.12,Two-Year,1,0,,0
CUST-11098,Female,56,68,90.74,,Month-to-Month,0,0,,0
CUST-11099,Male,32,35,58.92,2077.53,Two-Year,1,0,,0
CUST-11100,Male,72,65,42.89,2787.2,Month-to-Month,1,0,,0
CUST-11101,Female,46,8,79.69,649.15,One-Year,1,0,,0
CUST-11102,Female,46,45,112.82,5081.14,One-Year,0,0,,0
CUST-11103,Male,28,47,112.91,5311.15,Two-Year,0,1,0.6,1
CUST-11104,Female,69,40,54.19,2165.16,Two-Year,1,0,,0
CUST-11105,Female,49,54,72.77,3934.6,Month-to-Month,1,0,,0
CUST-11106,Male,19,46,41.16,1892.05,Two-Year,0,0,,0
CUST-11107,Female,64,47,119.56,5611.28,Month-to-Month,1,1,0.8,1
CUST-11108,Female,31,15,118.11,1770.61,One-Year,0,0,,0
CUST-11109,Male,37,19,84.95,1626.93,One-Year,1,0,,0
CUST-11110,Male,39,26,100.44,2616.8,One-Year,2,0,,0
CUST-11111,Male,28,52,91.51,4766.2,Month-to-Month,1,1,1.9,1
CUST-11112,Female,44,22,79.32,1745.05,Two-Year,2,0,,0
CUST-11113,Male,20,21,25.33,512.55,Month-to-Month,4,0,,0
CUST-11114,Male,34,51,65.48,,Month-to-Month,1,1,0.8,1
CUST-11115,Male,61,38,87.48,3321.35,One-Year,1,0,,0
CUST-11116,Male,73,20,87.75,1743.65,Month-to-Month,2,1,1.2,1
CUST-11117,Male,45,29,57.31,1656.75,Two-Year,2,0,,0
CUST-11118,Male,46,51,114.17,5817.06,Month-to-Month,1,0,1.5,1
CUST-11119,Female,38,4,36.74,141.66,Month-to-Month,1,0,,0
CUST-11120,Female,64,55,70.04,3866.57,Two-Year,2,0,,0
CUST-11121,Male,33,71,89.09,6324.86,Month-to-Month,2,0,,0
CUST-11122,Male,54,28,89.71,2521.23,Month-to-Month,2,1,1.1,1
CUST-11123,Male,37,4,84.86,341.08,One-Year,0,0,,0
CUST-11124,Female,23,22,47.53,1059.82,Month-to-Month,1,1,1.1,1
CUST-11125,Female,36,45,35.62,1613.11,One-Year,2,0,,0
CUST-11126,Female,74,67,83.59,,Month-to-Month,3,0,,0
CUST-11127,Female,22,66,79.93,5295.0,Two-Year,1,0,,0
CUST-11128,Female,20,34,37.94,1285.41,Two-Year,2,0,,0
CUST-11129,Female,18,55,90.51,4980.05,One-Year,0,0,,0
CUST-11130,Female,55,1,65.52,69.29,Month-to-Month,1,0,,0
CUST-11131,Female,32,38,86.78,3302.52,Two-Year,3,0,,0
CUST-11132,Female,51,6,103.74,630.4,One-Year,0,1,1.5,1
CUST-11133,Male,52,25,36.97,916.68,One-Year,2,0,,0
CUST-11134,Male,66,17,21.91,379.59,Month-to-Month,1,0,,0
CUST-11135,Male,42,61,97.91,5978.32,Two-Year,3,1,0.9,1
CUST-11136,Male,41,12,80.97,971.64,One-Year,0,0,,0
CUST-11137,Female,29,6,89.96,,Month-to-Month,2,0,,0
CUST-11138,Female,35,27,103.82,2795.06,Month-to-Month,1,1,1.3,1
CUST-11139,Male,32,8,100.28,807.04,Two-Year,0,1,1.7,1
CUST-11140,Female,61,65,116.09,7539.25,Month-to-Month,1,0,,0
CUST-11141,Male,33,57,73.59,4197.01,Two-Year,2,0,,0
CUST-11142,Female,44,40,68.85,2752.99,One-Year,2,0,,0
CUST-11143,Male,25,14,60.19,829.32,One-Year,1,1,0.6,1
CUST-11144,Female,63,35,35.37,1228.62,Month-to-Month,0,0,,0
CUST-11145,Female,42,48,77.26,3712.53,Month-to-Month,0,1,0.9,1
CUST-11146,Male,34,56,47.7,2665.96,Two-Year,1,0,,0
CUST-11147,Female,46,49,112.13,,Month-to-Month,3,0,,0
CUST-11148,Male,70,13,78.32,1010.52,One-Year,1,1,1.5,1
CUST-11149,Male,25,61,79.28,4828.78,Month-to-Month,0,0,,0
CUST-11150,Male,32,49,55.49,,Month-to-Month,0,0,,0
CUST-11151,Male,44,46,25.2,1148.0,Month-to-Month,2,0,,0
CUST-11152,Female,63,62,23.17,1451.27,Month-to-Month,0,0,,0
CUST-11153,Female,67,8,62.33,495.33,Two-Year,1,0,,0
CUST-11154,Female,69,43,28.46,1217.24,Month-to-Month,4,0,,0
CUST-11155,Male,24,20,80.68,1617.44,Month-to-Month,2,1,1.1,1
CUST-11156,Female,20,39,108.1,4216.43,Month-to-Month,0,1,0.9,1
CUST-11157,Male,46,49,108.29,5304.24,Month-to-Month,2,1,1.4,1
CUST-11158,Female,61,64,85.9,5499.8,Month-to-Month,2,0,,0
CUST-11159,Female,70,62,41.12,2549.81,Two-Year,4,0,,0
CUST-11160,Female,41,54,106.3,5738.04,Month-to-Month,1,0,,0
CUST-11161,Male,20,9,108.61,986.85,Month-to-Month,1,1,1.1,1
CUST-11162,Female,37,37,39.67,1453.32,Month-to-Month,0,0,,0
CUST-11163,Female,63,49,93.74,4584.11,Two-Year,1,0,,0
CUST-11164,Male,32,41,48.65,,Month-to-Month,0,0,,0
CUST-11165,Female,42,17,100.26,,Month-to-Month,4,1,1.6,1
CUST-11166,Male,47,21,119.72,2514.98,One-Year,1,1,1.1,1
CUST-11167,Female,31,51,23.0,1178.05,One-Year,0,0,,0
CUST-11168,Male,24,59,109.74,6455.03,Month-to-Month,2,0,,0
CUST-11169,Male,34,39,82.26,,Month-to-Month,2,1,1.0,1
CUST-11170,Female,61,55,117.34,6450.48,One-Year,0,1,0.7,1
CUST-11171,Male,37,41,66.5,2723.64,Month-to-Month,3,0,,0
CUST-11172,Male,53,39,104.74,4072.01,Two-Year,1,0,,0
CUST-11173,Male,26,13,26.24,337.99,One-Year,0,0,,0
CUST-11174,Male,55,64,53.53,3416.81,Month-to-Month,2,0,,0
CUST-11175,Male,65,11,26.7,290.36,Month-to-Month,0,0,,0
CUST-11176,Male,74,19,117.53,2215.87,Month-to-Month,2,1,1.1,1
CUST-11177,Female,39,11,101.7,1115.42,One-Year,1,1,1.3,1
CUST-11178,Male,71,46,105.25,,Month-to-Month,1,0,,0
CUST-11179,Male,70,45,113.8,5118.38,Month-to-Month,0,0,,0
CUST-11180,Female,70,1,28.51,31.52,One-Year,1,0,,0
CUST-11181,Female,19,40,58.56,2341.95,Two-Year,2,0,,0
CUST-11182,Female,41,19,27.1,,Month-to-Month,1,1,1.0,1
CUST-11183,Female,25,61,41.08,2502.27,Two-Year,4,0,,0
CUST-11184,Female,28,12,42.94,521.47,Month-to-Month,0,0,,0
CUST-11185,Female,30,61,66.91,,Month-to-Month,3,0,,0
CUST-11186,Female,34,33,46.86,1549.12,Month-to-Month,3,1,1.2,1
CUST-11187,Male,25,45,30.1,1354.29,Month-to-Month,1,0,,0
CUST-11188,Male,38,69,36.75,2539.89,Month-to-Month,2,0,,0
CUST-11189,Female,35,8,34.73,280.93,Month-to-Month,1,1,1.1,1
CUST-11190,Male,47,25,117.31,2942.76,Two-Year,0,0,,0
CUST-11191,Male,35,46,95.93,4420.72,Two-Year,0,1,0.5,1
CUST-11192,Male,63,30,116.78,3511.46,One-Year,1,0,,0
CUST-11193,Female,64,47,63.97,3007.03,Month-to-Month,1,0,,0
CUST-11194,Female,48,49,47.84,2347.57,Month-to-Month,0,0,,0
CUST-11195,Male,55,47,99.83,4695.24,Month-to-Month,2,0,,0
CUST-11196,Female,49,18,52.63,935.27,One-Year,1,0,1.4,1
CUST-11197,Male,28,66,49.94,3306.73,Two-Year,0,0,,0
CUST-11198,Male,62,68,43.25,2924.31,Month-to-Month,0,0,,0
CUST-11199,Male,42,33,32.97,,Month-to-Month,0,1,1.4,1
