passenger_id,pclass,sex,age,sibsp,parch,fare,embarked,survived
1,2,male,31.3,0,0,48.36,S,0
2,3,male,20.8,4,0,16.22,C,1
3,1,female,29.7,0,0,96.13,S,1
4,3,male,53.0,0,0,19.81,C,0
5,1,male,42.2,0,0,88.28,S,0
6,1,female,32.9,2,0,99.31,Q,1
7,2,male,42.9,0,0,100.99,S,1
8,3,male,37.6,0,0,18.82,C,0
9,1,male,35.5,1,0,97.06,S,0
10,3,male,,1,0,17.96,S,0
11,3,male,37.2,0,0,43.43,S,0
12,1,male,42.0,0,0,114.99,S,0
13,3,male,32.3,1,0,14.95,S,1
14,3,female,26.4,1,0,46.53,C,1
15,3,female,22.3,0,2,14.46,S,0
16,1,female,20.7,0,0,86.5,Q,1
17,3,female,7.5,0,2,27.87,C,1
18,3,male,17.2,0,1,19.31,S,1
19,1,female,16.8,0,0,96.35,S,1
20,1,male,22.9,0,1,100.86,Q,0
21,1,female,51.9,2,0,85.81,S,1
22,1,male,,0,0,90.2,S,1
23,2,male,33.4,1,0,34.27,S,1
24,3,female,33.8,0,0,16.65,Q,1
25,2,female,52.2,0,0,25.75,S,0
26,3,female,,0,0,826.6,S,0
27,3,male,26.9,3,0,36.27,S,0
28,3,male,28.5,0,0,48.35,S,0
29,3,male,45.9,0,0,14.48,S,0
30,1,male,48.8,0,0,89.3,C,1
31,3,male,36.6,0,2,27.84,S,0
32,3,male,47.3,0,0,58.28,C,0
33,1,male,32.5,1,0,90.34,S,1
34,1,male,27.6,1,0,113.99,S,1
35,2,female,46.5,0,1,35.58,S,1
36,2,female,36.8,1,0,72.05,C,1
37,2,male,,0,2,27.2,C,0
38,1,male,44.0,1,0,139.56,S,1
39,2,male,27.1,0,0,33.72,S,0
40,3,male,25.4,1,2,57.84,C,1
41,2,female,42.5,1,2,34.21,S,0
42,3,female,28.8,1,0,23.33,S,1
43,3,female,35.4,0,0,36.5,S,0
44,3,male,39.3,0,0,31.24,S,0
45,2,female,19.0,1,0,39.5,S,1
46,3,male,35.4,1,0,20.09,S,0
47,1,male,48.9,0,0,108.58,S,1
48,2,male,,0,0,69.41,S,0
49,3,female,36.3,0,0,12.15,C,0
50,1,male,18.4,0,0,98.3,S,1
51,2,male,44.3,1,2,55.15,S,0
52,1,male,44.2,1,0,100.88,S,1
53,1,male,25.0,0,0,109.2,C,0
54,2,male,60.9,2,0,58.82,S,0
55,3,male,,0,1,32.85,C,0
56,2,male,39.9,0,2,43.94,S,1
57,3,female,39.1,0,1,62.18,C,1
58,3,male,43.8,1,0,41.89,S,0
59,3,male,16.1,1,2,37.34,S,0
60,3,male,32.7,0,1,13.36,C,0
61,3,female,35.4,1,0,16.1,S,1
62,3,male,24.4,0,0,24.2,C,1
63,3,female,36.5,0,0,30.55,S,0
64,1,male,47.2,0,0,90.42,S,0
65,3,male,24.1,0,2,13.47,C,1
66,3,female,,1,0,17.59,C,0
67,3,male,,0,0,34.11,C,0
68,3,male,5.0,0,0,43.48,S,0
69,1,male,40.9,0,0,121.61,Q,1
70,2,male,,0,1,749.13,S,0
71,3,male,30.7,0,0,509.66,S,0
72,2,female,16.2,0,0,32.83,S,1
73,3,female,27.4,0,2,19.07,Q,0
74,1,male,45.4,1,1,101.46,S,1
75,3,male,30.0,0,0,18.66,C,0
76,3,female,,0,0,12.31,S,0
77,2,male,,2,0,33.67,S,1
78,1,male,12.7,0,1,88.81,S,1
79,1,female,38.7,0,1,85.44,S,0
80,3,female,12.4,0,0,21.55,S,1
81,3,female,16.8,0,0,15.46,S,1
82,1,female,15.3,0,0,94.04,S,1
83,1,female,27.5,0,0,889.52,S,1
84,3,male,25.1,1,0,25.88,S,0
85,3,female,,1,0,82.45,S,1
86,1,male,17.3,1,0,96.89,S,1
87,2,male,44.1,0,0,40.61,S,0
88,3,male,41.7,0,0,49.75,S,0
89,3,female,27.6,0,1,19.03,S,0
90,3,male,23.3,0,0,14.73,S,0
91,3,female,21.9,0,0,16.99,C,1
92,3,female,,0,0,19.73,S,0
93,3,male,10.4,0,0,27.54,Q,0
94,3,female,16.6,0,0,12.07,Q,0
95,2,female,,0,0,53.8,C,1
96,1,female,,0,1,86.19,C,1
97,2,male,52.9,0,0,59.64,S,0
98,3,female,25.8,0,0,56.77,S,0
99,3,female,24.9,0,0,81.23,S,0
100,2,male,24.3,0,2,49.87,S,1
101,3,male,25.5,0,0,14.29,S,0
102,1,male,20.8,0,0,103.37,S,1
103,1,female,33.8,0,1,88.41,C,1
104,2,male,30.4,1,0,59.11,S,0
105,3,male,22.9,0,0,17.71,S,0
106,3,female,47.5,0,0,17.94,S,0
107,3,male,,0,0,49.45,Q,0
108,3,female,46.3,0,0,12.2,S,1
109,2,male,37.8,0,0,28.23,S,1
110,3,male,40.7,4,1,20.22,Q,0
111,1,male,,1,1,103.1,S,1
112,1,female,,0,2,100.64,C,1
113,1,female,,0,0,101.6,C,1
114,2,female,35.5,0,0,56.81,S,0
115,1,female,38.8,0,2,734.25,S,1
116,2,male,16.1,1,0,666.64,S,0
117,3,male,26.0,0,1,31.39,S,0
118,2,male,,0,0,40.16,Q,1
119,3,male,4.5,0,1,20.92,S,0
120,2,female,,0,2,25.26,Q,1
121,1,male,27.5,3,0,85.94,S,1
122,1,female,35.0,1,0,86.9,Q,1
123,1,female,11.0,1,0,91.31,S,1
124,1,male,28.2,0,0,86.88,S,1
125,3,female,,0,0,20.33,S,1
126,3,male,31.0,1,0,14.95,S,0
127,2,female,43.1,4,0,47.66,S,1
128,2,male,21.7,0,0,55.78,S,0
129,3,male,,4,0,19.41,S,0
130,1,male,,0,0,95.74,S,0
131,1,female,35.2,0,0,131.02,S,1
132,3,female,13.4,0,0,23.5,C,1
133,3,male,18.8,0,1,91.7,S,0
134,3,female,51.9,1,0,14.3,C,0
135,3,male,,0,0,41.73,C,0
136,1,female,43.1,1,1,95.31,C,1
137,2,male,23.3,0,0,25.34,S,1
138,1,male,,0,0,138.75,S,1
139,3,female,34.1,1,0,62.31,S,0
140,3,male,,0,0,19.25,S,0
141,2,male,9.5,1,0,71.23,S,1
142,1,male,31.2,0,2,87.28,S,1
143,2,male,19.9,0,0,42.1,S,0
144,1,male,44.0,0,1,643.06,S,0
145,2,female,7.5,1,0,29.25,C,1
146,3,male,,0,1,34.67,S,0
147,3,male,10.7,0,0,859.07,S,0
148,2,male,25.1,1,0,25.11,S,1
149,1,female,,0,0,93.02,S,1
150,1,female,56.6,1,1,88.88,S,1
151,1,female,11.2,0,0,102.25,S,1
152,1,male,,0,0,88.24,S,0
153,3,male,5.8,0,0,39.7,S,0
154,1,female,52.4,0,0,89.66,S,1
155,3,female,35.6,0,0,19.49,S,0
156,3,male,,0,0,17.31,S,0
157,3,male,50.6,0,0,27.49,C,0
158,2,male,32.1,0,0,26.6,S,0
159,3,male,33.1,0,2,21.75,S,0
160,3,female,31.8,0,0,18.11,S,0
161,2,male,37.9,0,0,57.33,S,1
162,2,male,23.1,1,0,26.14,Q,0
163,3,male,27.0,0,0,38.55,S,0
164,2,male,41.3,0,0,27.75,S,0
165,2,male,33.9,0,0,26.39,S,1
166,2,male,28.4,0,1,28.39,C,0
167,1,female,10.4,0,0,86.62,Q,1
168,1,male,51.0,1,0,96.04,C,1
169,1,male,20.7,1,2,151.61,S,1
170,3,male,43.8,1,0,12.52,Q,0
171,2,male,32.5,0,0,34.27,S,1
172,3,male,11.9,0,0,19.32,S,0
173,3,male,47.5,2,0,18.22,Q,1
174,1,female,,0,0,91.05,C,1
175,3,male,48.7,2,0,45.81,S,0
176,3,female,27.4,0,0,12.29,S,1
177,3,male,39.9,2,0,34.37,S,0
178,3,male,5.3,2,0,16.37,S,0
179,3,female,23.0,0,0,19.25,S,0
180,1,male,12.2,0,0,93.17,S,1
181,3,male,,0,0,17.45,S,0
182,2,male,36.6,2,2,26.47,S,1
183,3,male,21.5,1,0,13.82,S,0
184,2,male,42.1,0,0,30.31,S,0
185,3,male,18.0,0,2,37.87,S,1
186,3,female,,1,0,14.17,C,0
187,3,female,,0,2,32.36,S,0
188,3,male,44.2,1,0,17.11,S,0
189,3,male,25.2,1,1,44.24,Q,0
190,3,male,1.0,1,0,20.39,S,0
191,1,male,38.2,0,1,87.83,S,0
192,3,female,,0,1,75.86,S,1
193,3,male,16.3,0,0,14.92,S,0
194,3,male,,2,0,24.58,C,0
195,3,female,50.1,0,0,24.63,S,0
196,2,female,14.1,0,0,32.0,S,1
197,1,female,36.6,0,0,130.39,S,1
198,3,female,,0,0,39.86,S,1
199,3,female,25.0,1,1,38.56,S,0
200,2,male,,1,0,79.83,S,0
201,3,male,52.9,1,0,21.16,S,0
202,3,male,25.9,0,0,13.53,C,0
203,3,male,26.6,2,0,33.75,S,0
204,3,female,38.7,0,0,19.19,C,1
205,1,male,42.9,0,0,88.17,S,1
206,3,male,28.2,0,0,21.9,S,0
207,3,male,25.7,0,1,51.0,S,1
208,2,male,1.0,0,0,27.82,C,1
209,2,female,19.1,0,1,53.33,C,1
210,1,female,,0,0,93.12,C,0
211,3,male,39.6,0,0,14.21,S,0
212,2,male,26.6,0,0,53.3,S,0
213,2,female,,1,0,77.41,S,1
214,2,female,29.9,0,0,30.16,C,1
215,3,male,17.8,0,0,17.43,S,0
216,3,female,51.7,0,0,19.43,S,1
217,3,female,48.2,1,0,37.24,S,1
218,2,female,52.7,0,0,25.16,S,0
219,3,female,39.6,4,0,15.8,S,1
220,3,female,29.6,0,0,462.34,S,1
221,2,male,,0,0,32.8,S,0
222,1,female,20.5,0,0,91.01,S,1
223,3,female,17.8,1,0,42.87,C,0
224,3,female,,0,0,49.39,S,1
225,3,female,37.3,0,0,56.34,C,1
226,1,male,19.3,0,0,89.77,C,1
227,3,male,27.8,0,0,48.54,S,0
228,3,male,7.6,1,0,32.03,S,0
229,3,female,36.7,1,0,14.51,S,1
230,3,male,8.8,0,0,26.13,S,0
231,3,male,,0,0,12.4,S,0
232,3,male,,0,0,30.48,S,0
233,1,male,46.5,0,1,104.84,S,1
234,3,female,35.2,0,1,35.36,S,1
235,1,female,,0,0,87.84,S,1
236,3,female,22.6,0,2,26.84,Q,1
237,2,male,19.2,1,0,27.96,S,0
238,3,female,24.9,0,0,55.96,S,0
239,1,male,8.8,0,0,101.86,S,1
240,3,male,33.5,0,0,13.5,S,0
241,1,female,30.7,2,1,88.11,S,1
242,2,female,16.9,1,1,41.34,S,1
243,3,female,52.0,0,0,21.71,S,0
244,3,male,38.5,0,0,31.99,S,0
245,1,male,39.7,0,0,89.94,S,0
246,2,male,,0,1,41.09,S,1
247,1,male,30.0,0,0,87.92,C,0
248,3,male,38.8,3,0,23.77,S,0
249,3,male,,0,0,59.48,S,0
250,3,male,,0,1,26.84,S,0
251,1,male,27.1,1,1,85.77,S,1
252,2,female,,1,0,92.33,S,1
253,3,female,38.9,0,0,14.56,S,1
254,1,female,12.3,1,1,103.99,Q,1
255,3,male,,0,1,23.41,S,0
256,2,male,11.8,0,0,30.23,S,1
257,3,male,38.9,1,0,14.93,S,0
258,3,male,,2,1,14.93,S,0
259,2,male,36.7,1,1,54.32,S,0
260,3,male,42.7,0,1,42.94,S,0
261,3,female,32.1,1,0,21.39,Q,1
262,2,male,13.2,0,0,26.64,S,0
263,2,female,17.4,0,0,57.33,S,1
264,3,female,19.8,0,1,22.01,C,0
265,1,male,3.5,0,0,93.66,C,1
266,3,male,,2,0,19.85,S,0
267,1,female,31.5,0,0,91.81,Q,1
268,1,male,14.1,0,1,96.2,C,1
269,2,male,50.4,0,0,38.92,Q,0
270,1,female,20.2,1,0,94.42,C,1
271,3,female,33.5,0,0,46.04,C,0
272,2,female,18.4,0,0,30.73,S,1
273,3,male,1.7,1,0,24.95,C,1
274,3,male,10.9,0,2,17.35,S,0
275,3,male,23.7,0,0,33.0,S,0
276,1,male,42.6,0,0,86.62,S,1
277,3,male,34.9,0,0,15.14,Q,0
278,2,male,32.0,3,1,49.23,S,0
279,3,female,1.9,0,0,15.04,C,1
280,2,female,47.8,4,0,39.74,S,0
281,2,female,33.1,0,2,77.72,S,1
282,3,female,28.3,3,0,23.1,S,1
283,2,male,,0,0,28.11,S,0
284,3,male,47.5,0,1,17.8,Q,0
285,2,female,46.2,0,0,51.01,S,1
286,3,female,26.5,0,0,18.5,S,1
287,3,male,16.0,0,2,31.28,S,0
288,2,male,43.8,0,0,47.53,Q,0
289,3,female,10.9,0,0,22.43,C,1
290,3,male,57.3,0,0,34.93,S,0
291,3,male,,0,0,17.72,S,0
292,3,male,15.1,0,1,22.89,S,0
293,3,female,12.8,1,0,29.4,S,1
294,1,male,12.1,0,0,909.04,S,1
295,3,female,,2,1,16.8,Q,1
296,3,male,29.9,0,0,27.83,C,0
297,2,male,12.7,4,0,40.98,S,0
298,3,female,25.0,0,1,22.2,Q,0
299,1,male,10.8,3,1,108.81,S,0
300,2,male,38.3,0,1,34.87,S,1
301,1,male,29.2,1,0,116.97,S,1
302,1,female,24.7,1,0,104.97,S,1
303,2,male,,0,0,30.67,S,0
304,3,male,25.8,0,0,19.54,S,1
305,2,female,24.2,1,0,41.53,C,1
306,3,male,34.4,0,0,45.73,Q,0
307,1,male,32.3,0,0,87.95,S,1
308,3,female,41.1,1,0,22.84,S,0
309,3,male,23.2,0,0,13.9,S,0
310,2,male,4.0,1,0,29.92,S,1
311,3,male,43.9,0,0,777.24,C,0
312,3,female,16.9,0,0,795.2,S,1
313,3,male,,0,0,28.29,S,0
314,2,male,,0,1,59.66,S,0
315,3,female,34.2,3,1,64.29,Q,1
316,3,male,,0,0,15.66,S,1
317,1,male,,0,0,105.73,Q,1
318,3,male,24.5,0,0,51.13,S,0
319,2,female,49.8,1,0,26.44,S,1
320,2,male,,0,1,33.02,S,0
321,3,female,,0,0,49.78,C,0
322,2,female,,0,0,28.4,S,1
323,2,male,26.5,0,0,65.72,S,0
324,3,male,33.3,0,0,23.24,S,0
325,1,female,36.8,0,1,86.58,S,1
326,1,male,,1,0,93.96,C,1
327,3,male,18.2,2,0,17.92,C,0
328,2,male,24.1,1,0,501.98,C,0
329,2,male,40.3,0,0,36.7,S,0
330,1,male,14.0,0,0,94.91,S,1
331,3,male,23.5,0,0,21.87,Q,1
332,3,male,,1,1,13.38,C,0
333,3,male,42.3,0,0,36.32,S,0
334,1,female,27.3,1,0,94.85,S,1
335,3,female,24.2,0,0,37.8,C,1
336,3,male,11.5,1,2,38.11,S,0
337,2,male,37.4,1,0,30.72,S,0
338,3,male,48.5,0,0,12.07,S,0
339,3,male,,0,0,48.33,Q,0
340,1,male,35.4,2,0,106.45,S,0
341,2,male,,2,0,26.7,S,1
342,1,female,17.1,1,0,103.15,C,1
343,1,male,3.7,0,0,85.3,S,1
344,3,male,32.5,1,1,12.42,Q,0
345,3,male,,0,0,23.19,S,0
346,1,male,,0,2,86.51,S,1
347,3,female,45.6,0,1,62.0,S,0
348,3,male,33.4,0,1,45.64,S,1
349,2,female,35.0,0,2,40.74,S,1
350,3,male,1.0,1,0,12.99,S,0
351,3,male,40.7,0,1,17.89,S,0
352,1,female,,0,0,91.97,S,0
353,1,male,20.2,0,0,94.83,S,1
354,1,male,25.5,0,2,87.78,S,1
355,2,female,,0,0,37.92,S,1
356,2,male,20.0,0,0,33.58,S,1
357,2,female,,0,1,69.15,S,1
358,3,male,22.2,0,0,53.28,S,0
359,3,male,31.4,0,1,24.5,S,0
360,2,male,,0,0,40.51,S,0
361,2,female,27.0,0,0,27.22,S,1
362,3,male,14.7,0,0,15.79,C,0
363,3,male,21.0,0,1,46.65,S,0
364,1,male,32.0,0,0,103.02,S,1
365,2,male,,0,1,28.15,S,1
366,3,male,18.5,0,0,24.67,S,1
367,1,male,,0,0,125.95,S,1
368,2,female,10.2,1,0,916.69,C,1
369,2,male,54.9,0,0,28.08,Q,0
370,1,male,46.9,1,0,127.72,Q,0
371,1,male,23.1,1,0,94.28,S,0
372,2,male,,1,0,33.1,S,0
373,3,female,32.8,0,0,16.67,S,1
374,3,male,9.7,1,1,45.33,C,0
375,3,male,2.0,0,0,40.02,S,0
376,1,male,,0,0,92.74,S,1
377,1,female,28.1,0,0,85.47,S,0
378,3,female,,2,1,20.88,S,0
379,3,male,21.4,0,1,877.43,S,0
380,2,male,47.8,2,1,27.31,S,0
381,1,male,,0,0,92.49,S,1
382,2,male,14.1,1,1,26.57,S,0
383,2,male,36.8,1,1,453.75,S,0
384,1,female,13.7,2,1,85.73,S,1
385,3,male,,0,0,19.7,S,0
386,1,female,31.7,1,1,87.66,S,1
387,3,male,15.3,2,0,29.51,C,0
388,3,female,28.1,0,0,13.23,S,1
389,2,male,,0,0,36.87,S,0
390,3,male,,1,0,34.25,S,0
391,3,female,1.0,0,0,56.95,S,1
392,1,male,32.0,1,0,102.99,Q,1
393,2,male,,0,1,26.57,S,1
394,3,female,27.6,0,0,13.39,S,1
395,3,male,22.8,0,0,31.73,S,0
396,3,male,27.1,0,0,15.64,S,0
397,3,female,27.9,0,2,20.89,C,0
398,2,female,,1,0,81.34,S,1
399,3,female,19.8,0,0,37.71,S,0
400,2,male,,1,0,53.12,C,0
401,3,female,,1,0,41.57,S,0
402,3,female,,0,0,26.5,S,1
403,3,female,41.7,0,0,32.43,S,1
404,3,female,36.7,0,0,18.67,Q,0
405,3,male,16.4,0,0,109.01,C,0
406,3,male,18.7,0,0,16.92,S,0
407,3,female,15.9,0,2,25.37,Q,1
408,1,female,38.4,2,0,89.97,S,1
409,3,male,,0,0,13.78,S,0
410,1,female,33.6,0,2,97.58,S,1
411,2,female,,3,0,31.54,C,1
412,1,female,63.2,1,0,98.13,S,1
413,1,female,34.4,1,0,97.27,S,1
414,3,female,18.6,1,0,23.72,S,1
415,2,female,9.6,0,0,26.97,Q,1
416,3,female,26.1,1,2,20.7,C,1
417,2,male,28.3,2,0,50.07,S,0
418,2,male,1.0,0,0,30.68,S,1
419,2,male,20.0,0,2,33.8,C,0
420,3,male,,0,2,22.21,C,0
421,3,male,,0,0,41.79,Q,0
422,3,female,43.6,0,1,27.99,S,1
423,2,female,8.2,0,0,26.58,S,1
424,3,male,39.5,0,0,42.06,Q,0
425,1,female,42.8,0,0,111.76,S,1
426,3,male,43.4,0,0,33.01,C,0
427,2,male,,1,0,34.41,Q,1
428,1,female,34.4,0,0,106.25,S,0
429,2,male,20.6,0,0,34.77,S,0
430,1,female,10.3,0,0,105.01,S,1
431,3,male,,0,0,43.82,S,0
432,3,male,17.3,0,2,45.18,S,0
433,3,female,42.9,0,0,21.09,S,1
434,3,male,,1,0,41.42,S,0
435,3,female,13.9,0,1,13.6,S,0
436,3,male,,0,0,13.61,C,0
437,3,male,24.7,0,0,23.92,S,0
438,1,female,29.0,0,0,100.83,S,1
439,2,female,44.1,1,0,27.49,S,0
440,3,male,39.7,0,1,21.59,S,0
441,3,male,30.7,1,2,13.49,S,0
442,3,female,26.4,0,0,25.82,S,1
443,3,male,5.2,1,0,40.98,C,0
444,1,male,48.1,1,0,105.07,C,1
445,1,female,23.7,1,0,92.13,C,1
446,3,male,51.8,1,1,88.23,C,1
447,2,male,32.7,0,0,41.31,S,1
448,1,male,58.4,1,0,110.33,S,1
449,3,female,38.5,0,1,28.62,S,0
450,1,male,10.0,1,0,153.23,S,1
451,3,female,21.4,0,2,37.84,S,0
452,3,male,,0,0,22.99,S,1
453,1,male,17.8,1,0,91.86,S,0
454,2,male,24.7,0,0,42.19,S,1
455,1,male,,0,0,98.38,S,0
456,3,male,30.1,1,1,26.89,S,0
457,3,male,33.3,0,0,18.3,S,0
458,1,female,15.9,0,1,93.4,S,1
459,3,female,,0,0,24.25,S,0
460,2,male,30.9,0,2,52.42,S,0
461,2,female,18.6,0,2,46.59,S,0
462,1,female,7.2,0,0,86.89,C,1
463,1,male,30.8,0,0,89.23,S,1
464,3,male,26.4,0,1,12.41,C,0
465,2,female,41.0,0,0,25.12,S,1
466,2,male,28.0,1,1,28.81,S,1
467,3,male,13.3,0,0,36.09,S,0
468,3,male,53.4,1,0,47.27,S,0
469,2,male,36.1,0,0,32.46,S,1
470,3,female,26.4,0,1,24.42,S,0
471,3,female,32.3,0,0,30.37,S,1
472,1,male,36.6,1,1,130.84,S,0
473,3,female,,1,0,48.62,S,0
474,3,male,32.2,1,0,12.88,C,0
475,3,female,23.7,0,2,16.28,S,1
476,3,male,37.1,1,1,12.76,Q,0
477,3,male,19.6,0,2,26.38,Q,0
478,3,male,21.5,1,0,30.59,C,0
479,1,male,,0,0,90.53,S,0
480,2,male,,0,0,53.85,S,0
481,3,male,,0,0,21.04,Q,0
482,2,male,,0,0,121.39,S,0
483,3,male,,0,0,753.99,S,0
484,2,female,20.1,0,1,26.74,S,0
485,3,male,15.9,0,0,17.39,S,0
486,3,female,16.7,2,2,12.39,C,1
487,3,female,20.5,0,0,34.87,C,0
488,2,male,14.2,1,2,25.81,C,1
489,1,male,11.0,2,0,105.73,S,1
490,3,female,15.4,2,1,12.81,S,1
491,3,male,34.5,1,0,16.37,S,0
492,3,female,30.7,1,1,39.61,S,0
493,2,male,37.8,0,0,70.27,S,0
494,1,male,,0,0,93.03,S,1
495,3,male,11.7,0,0,64.57,S,1
496,3,male,36.9,0,0,26.79,S,0
497,2,female,15.9,0,1,33.06,Q,0
498,3,female,39.1,0,0,36.35,Q,0
499,2,female,,0,0,30.25,S,0
500,3,male,20.4,1,0,16.63,S,0
501,3,male,,0,2,28.03,C,0
502,1,male,,0,2,92.43,Q,1
503,3,female,,0,0,14.19,C,0
504,1,male,30.3,0,0,86.04,S,0
505,2,male,,2,0,48.26,S,0
506,3,female,4.3,0,0,28.9,S,1
507,1,male,15.5,0,0,92.96,S,1
508,3,male,14.9,0,0,45.98,S,0
509,2,male,5.2,0,0,32.94,C,1
510,3,male,,0,0,30.58,S,0
511,1,female,39.6,0,0,120.97,C,1
512,3,male,21.7,0,0,39.56,S,0
513,3,male,25.3,0,0,22.73,S,0
514,3,male,5.9,1,0,29.12,S,0
515,3,male,,0,0,20.01,S,0
516,2,male,23.5,0,0,927.54,C,1
517,1,male,39.0,0,1,89.47,S,0
518,3,male,6.6,0,0,20.56,C,0
519,3,male,23.6,1,1,15.53,Q,1
520,1,female,45.2,0,0,85.58,C,1
521,1,male,23.8,4,0,98.32,S,0
522,3,female,1.0,0,0,41.97,S,1
523,3,male,47.9,1,0,773.44,S,0
524,3,male,40.3,0,0,15.27,S,0
525,1,female,42.2,0,0,94.25,Q,1
526,2,male,5.6,0,2,41.44,S,0
527,1,male,51.2,0,0,87.82,C,0
528,3,male,19.2,0,0,12.88,C,0
529,3,male,22.9,0,0,22.98,Q,0
530,3,male,20.2,1,0,37.61,S,0
531,3,male,,0,0,12.54,S,0
532,1,female,27.5,0,0,91.45,S,1
533,2,male,36.7,1,1,41.34,C,0
534,3,female,,0,0,14.1,S,1
535,1,male,28.7,1,0,89.04,S,0
536,2,male,16.7,0,0,36.5,S,0
537,3,female,,0,0,57.94,S,1
538,3,male,9.5,0,0,17.08,S,0
539,3,female,35.8,2,1,22.03,S,0
540,2,male,35.3,1,0,32.66,Q,0
541,3,male,46.2,4,1,46.15,S,0
542,3,female,49.4,0,2,13.12,C,0
543,3,female,28.1,1,0,24.53,S,0
544,3,female,37.4,0,0,40.07,S,0
545,3,female,54.7,0,0,78.49,C,0
546,1,female,29.1,1,0,103.0,S,1
547,3,male,,0,0,19.17,C,0
548,2,female,24.6,0,1,32.96,S,1
549,1,female,,0,0,91.5,S,1
550,1,male,35.2,1,1,98.88,S,0
551,3,male,44.9,0,1,32.17,S,0
552,2,female,28.3,0,1,50.68,C,1
553,3,male,7.3,4,0,20.08,S,0
554,3,male,44.3,0,1,30.92,C,0
555,1,male,,0,0,122.19,S,1
556,3,male,8.4,0,0,50.04,S,0
557,1,male,27.5,1,2,103.26,S,0
558,2,female,33.5,0,2,40.2,S,0
559,3,female,35.9,0,0,23.37,C,1
560,3,male,29.1,0,1,15.04,S,0
561,3,female,54.6,0,0,13.98,S,1
562,3,male,30.9,0,0,21.97,S,0
563,3,male,,0,0,14.61,S,0
564,2,male,41.0,0,0,37.91,S,1
565,3,female,,2,0,27.56,S,0
566,3,male,,1,0,23.19,S,0
567,1,male,,2,0,630.54,S,1
568,3,male,22.9,0,0,12.89,C,0
569,3,female,20.6,0,0,13.8,S,1
570,2,female,32.4,0,0,27.5,S,1
571,3,male,23.4,1,0,80.9,S,0
572,1,male,18.9,0,0,91.34,C,1
573,3,female,23.2,4,0,17.18,S,1
574,2,female,,0,0,25.81,Q,1
575,3,male,28.1,0,0,27.13,S,0
576,3,female,11.4,0,0,27.84,S,1
577,3,female,8.8,0,1,14.89,S,0
578,1,male,60.9,0,0,122.74,C,0
579,2,male,26.9,0,0,49.18,S,1
580,1,male,36.1,0,0,88.93,S,1
581,3,female,19.2,0,0,21.98,S,1
582,2,male,34.5,0,0,34.2,S,1
583,3,male,50.4,1,2,18.43,S,0
584,3,female,20.9,0,0,37.53,S,0
585,3,female,,0,0,13.74,S,0
586,1,male,,0,0,93.05,C,1
587,3,male,58.3,1,0,20.38,S,0
588,1,male,33.8,0,2,94.49,S,1
589,3,male,24.2,2,0,41.64,S,0
590,3,female,25.8,0,0,15.69,Q,0
591,1,male,22.9,0,0,86.63,C,1
592,1,male,23.6,0,0,99.43,C,1
593,3,female,,0,0,14.86,S,0
594,2,male,28.6,0,0,26.17,S,0
595,3,male,28.0,1,0,20.34,S,0
596,2,male,36.8,0,0,28.72,C,0
597,3,female,22.7,0,0,18.72,S,1
598,3,male,,1,2,16.51,S,0
599,3,male,29.9,0,0,13.46,S,0
600,3,male,,0,0,24.33,S,0
601,3,female,,4,0,12.41,C,0
602,1,male,3.9,0,0,135.89,C,0
603,3,male,,0,0,18.26,S,0
604,1,female,39.6,1,0,102.82,S,1
605,2,female,17.0,0,0,685.03,S,1
606,3,female,,1,0,16.91,S,1
607,3,male,,0,0,32.72,S,0
608,1,female,15.9,0,0,111.79,Q,1
609,3,male,,0,0,16.14,S,0
610,3,male,34.4,0,0,85.38,C,0
611,1,male,18.9,0,1,85.31,C,1
612,3,male,45.3,0,0,15.67,Q,0
613,3,male,30.2,1,0,34.71,S,0
614,1,male,20.2,1,0,88.24,S,0
615,3,female,55.2,1,0,29.97,Q,0
616,3,male,38.1,1,0,41.02,C,0
617,3,male,1.0,0,0,59.99,C,0
618,1,male,23.2,1,0,94.64,C,0
619,3,female,10.6,0,0,65.16,S,1
620,1,male,18.8,0,2,92.96,S,1
621,2,male,,1,0,28.69,S,1
622,1,male,,0,0,95.82,S,0
623,3,female,33.7,1,0,27.74,S,0
624,3,male,45.1,0,0,21.19,S,0
625,1,male,38.9,0,0,97.55,S,0
626,1,male,38.0,0,0,93.08,S,1
627,2,female,32.8,0,0,36.16,S,1
628,1,male,48.0,1,0,130.74,S,1
629,3,female,25.6,4,1,22.39,C,1
630,3,male,25.9,0,2,16.38,C,0
631,3,female,,0,0,33.33,S,0
632,3,male,44.8,0,1,18.18,S,0
633,3,male,28.9,1,1,37.41,C,0
634,1,male,71.1,0,2,85.88,S,0
635,2,male,24.3,2,0,31.06,S,0
636,3,male,,0,0,13.49,S,0
637,3,male,37.7,1,0,13.34,S,1
638,3,female,,0,0,28.11,S,0
639,3,male,35.0,1,0,19.3,S,0
640,3,female,30.5,0,0,42.77,S,1
641,1,male,25.7,1,0,95.9,S,0
642,2,female,46.4,1,1,906.53,C,0
643,3,male,17.3,0,0,31.14,S,0
644,3,male,33.8,0,0,26.67,S,1
645,2,male,50.4,2,0,49.11,S,0
646,3,female,20.1,2,1,27.48,Q,1
647,3,female,25.8,0,2,14.74,S,0
648,3,male,,0,0,28.64,S,0
649,1,male,36.6,0,0,92.45,S,0
650,3,male,22.9,1,0,21.33,C,0
651,3,male,41.2,0,0,50.18,Q,0
652,1,male,22.0,0,0,91.69,S,1
653,3,male,8.1,0,0,26.2,C,1
654,3,male,49.2,0,0,18.78,S,0
655,3,female,14.6,0,0,13.49,S,0
656,1,female,64.3,0,1,94.06,C,0
657,3,male,23.1,0,0,578.77,S,0
658,1,female,59.9,1,1,92.85,S,1
659,3,male,10.8,2,0,19.43,Q,0
660,3,female,44.4,0,0,37.75,S,1
661,2,male,37.0,0,0,25.45,S,0
662,3,female,41.7,0,0,17.26,S,0
663,3,male,43.6,1,0,37.05,S,0
664,3,male,23.0,1,0,49.99,S,0
665,3,female,11.7,1,1,19.97,S,1
666,1,male,29.3,1,1,117.95,S,1
667,1,male,33.1,0,0,88.33,Q,1
668,1,male,23.4,0,0,88.75,S,1
669,3,female,33.9,0,2,581.78,S,0
670,3,male,34.6,1,0,47.04,S,0
671,3,male,17.3,0,0,15.78,S,0
672,1,male,35.5,3,0,85.92,S,1
673,3,male,26.3,1,0,13.42,S,0
674,1,male,20.2,1,0,89.54,C,0
675,3,female,41.0,0,0,33.5,S,1
676,2,male,19.1,0,0,907.88,S,0
677,1,male,23.6,1,0,94.12,S,1
678,3,male,31.0,0,0,25.16,S,0
679,2,male,49.2,0,1,945.1,S,0
680,3,female,32.7,2,0,13.42,S,0
681,3,male,37.4,1,0,29.8,C,0
682,3,female,25.8,0,0,51.22,Q,0
683,3,male,28.9,1,0,15.6,Q,0
684,2,male,29.3,0,0,52.28,S,0
685,3,male,,0,0,29.96,S,1
686,3,female,25.9,0,1,12.22,S,0
687,3,female,48.8,1,0,15.95,S,1
688,1,male,24.8,0,0,98.97,S,0
689,3,female,,0,1,22.47,Q,1
690,1,male,68.4,0,0,96.26,S,0
691,1,female,25.4,4,0,88.96,C,1
692,1,female,48.4,0,0,101.86,Q,1
693,1,female,49.7,0,2,89.65,C,1
694,1,female,43.2,0,0,92.4,C,1
695,1,female,27.2,0,1,91.9,S,1
696,2,female,,0,0,41.72,S,1
697,2,male,12.2,1,0,26.42,S,1
698,1,male,57.9,0,0,937.43,C,0
699,3,male,18.1,4,0,15.36,S,0
700,1,female,26.4,0,0,86.72,S,1
701,1,male,31.4,0,0,88.49,S,0
702,2,male,,0,0,947.85,S,1
703,2,female,20.8,0,0,44.76,S,0
704,2,female,49.5,2,0,41.2,Q,0
705,2,male,,1,0,34.67,S,0
706,3,male,,0,2,12.81,S,0
707,3,male,24.4,0,0,59.92,S,0
708,3,male,44.9,0,0,14.76,S,1
709,3,female,23.5,0,0,28.56,S,0
710,3,female,52.0,1,1,48.61,S,0
711,1,male,31.6,1,0,102.95,S,0
712,3,male,47.2,0,0,15.69,S,0
713,1,female,28.4,0,0,90.69,C,1
714,3,male,31.0,0,0,12.46,Q,0
715,2,male,,2,1,39.23,S,0
716,3,female,60.7,0,0,26.24,S,0
717,3,female,51.8,0,0,31.39,S,0
718,3,male,42.3,0,1,12.17,S,0
719,1,female,38.2,0,0,110.54,S,1
720,2,male,,0,2,45.13,S,1
721,3,male,,1,2,14.28,Q,0
722,3,male,17.2,3,0,18.41,S,0
723,3,male,35.3,0,0,27.26,Q,0
724,3,male,36.2,0,0,22.27,S,0
725,3,male,2.5,1,0,13.83,S,0
726,3,female,30.5,1,1,13.37,S,1
727,3,female,,0,0,34.81,C,1
728,3,male,28.8,1,0,14.54,S,0
729,3,male,35.0,1,0,14.83,C,0
730,3,male,11.2,0,0,38.66,S,0
731,3,male,19.1,0,1,26.21,S,1
732,3,male,44.5,1,0,812.85,S,0
733,3,female,,0,0,21.79,S,0
734,3,male,,0,0,24.62,S,0
735,2,male,22.3,0,1,38.81,S,1
736,3,male,,0,1,63.55,S,0
737,3,male,1.0,1,1,15.78,S,0
738,1,female,41.8,0,0,88.62,C,1
739,3,male,55.3,0,0,12.88,S,0
740,3,male,,1,2,28.1,S,0
741,3,female,16.8,0,2,23.95,S,1
742,3,male,36.2,1,0,13.77,S,0
743,3,male,50.6,0,0,18.8,S,0
744,3,female,30.0,0,2,14.95,C,1
745,2,female,12.8,0,0,31.04,S,1
746,1,male,27.1,3,0,130.32,C,1
747,2,male,15.6,1,0,42.25,S,1
748,3,female,20.6,0,2,12.11,S,0
749,2,male,25.7,2,0,29.37,S,1
750,2,male,17.0,1,1,25.16,S,0
751,3,male,19.1,0,0,30.82,S,0
752,2,male,31.0,0,0,34.51,S,0
753,3,male,33.0,0,0,88.79,S,0
754,3,male,10.1,0,2,31.84,S,0
755,3,female,35.5,0,0,22.94,S,0
756,2,male,24.7,0,0,49.5,S,0
757,3,male,40.1,0,2,30.3,S,0
758,2,male,40.9,0,0,29.19,S,0
759,3,female,,0,1,23.33,S,0
760,3,male,38.6,0,0,24.18,S,0
761,2,male,18.3,0,0,34.0,S,0
762,1,male,48.5,0,0,87.96,S,1
763,1,male,18.8,2,2,88.79,S,1
764,2,female,34.9,0,0,29.95,S,1
765,3,male,27.4,0,1,12.15,S,0
766,3,male,15.8,0,0,49.32,S,0
767,2,female,42.6,0,0,42.38,S,1
768,3,male,21.4,1,0,29.55,C,0
769,3,male,6.2,0,1,24.74,S,0
770,3,male,1.0,0,0,29.53,S,0
771,1,female,17.7,0,0,145.15,S,1
772,3,male,49.3,0,1,19.3,Q,0
773,3,male,47.6,0,0,30.7,C,0
774,3,male,,0,0,18.68,S,1
775,2,male,24.8,0,0,53.89,S,0
776,2,female,23.5,1,0,54.28,S,1
777,3,female,,0,0,46.88,C,0
778,3,female,16.7,0,1,12.08,S,1
779,3,female,43.7,0,0,17.31,S,0
780,1,female,37.1,3,0,915.59,Q,1
781,3,male,33.8,0,1,21.08,S,1
782,1,male,11.3,0,0,95.26,S,0
783,2,male,,0,2,29.43,C,0
784,3,male,1.0,0,0,31.28,C,0
785,1,male,41.8,0,0,89.72,S,0
786,2,male,33.6,2,0,53.85,C,0
787,3,male,11.2,0,0,14.93,Q,0
788,3,male,52.6,1,0,18.86,Q,0
789,1,female,4.9,0,0,99.6,S,1
790,3,male,,1,0,25.95,S,0
791,1,male,37.8,0,0,86.22,S,1
792,2,female,,0,0,53.09,C,1
793,3,male,29.5,2,0,25.67,S,1
794,1,male,7.1,0,0,115.59,S,1
795,3,male,1.0,2,0,42.33,S,0
796,1,female,15.0,0,0,96.84,S,1
797,3,female,,4,0,48.25,S,1
798,3,male,39.0,0,0,40.3,S,0
799,3,male,30.9,1,0,59.6,C,0
800,2,male,31.3,0,0,53.51,S,0
801,3,male,15.8,0,0,37.82,S,0
802,3,female,22.6,1,1,21.51,Q,1
803,1,male,17.0,1,0,88.57,S,1
804,3,male,12.9,0,0,48.24,S,0
805,1,female,21.7,0,0,104.23,Q,1
806,3,male,31.0,0,2,16.96,S,1
807,3,female,22.0,0,0,888.14,S,1
808,1,female,25.5,0,0,102.38,C,1
809,3,male,39.7,1,0,21.75,S,0
810,1,female,23.0,0,1,86.27,S,0
811,3,male,11.3,0,0,14.29,S,0
812,1,male,37.9,3,0,105.54,S,0
813,3,female,,0,0,17.98,S,1
814,1,male,34.6,0,0,95.63,S,1
815,2,male,38.8,1,0,46.83,S,1
816,3,female,36.4,1,0,32.87,S,0
817,2,male,,1,1,27.74,C,1
818,3,male,63.5,1,0,13.55,S,0
819,3,male,12.0,0,1,25.42,S,0
820,1,male,21.8,0,0,105.3,S,1
821,3,male,43.5,1,2,14.42,Q,1
822,1,female,,0,1,91.98,C,1
823,1,male,40.6,0,0,115.64,Q,1
824,1,male,32.4,1,0,128.3,S,1
825,3,male,49.2,1,0,21.08,S,0
826,1,male,15.9,0,0,86.24,S,0
827,3,male,48.8,2,0,16.47,S,0
828,3,male,46.4,1,1,15.98,S,0
829,2,male,13.1,3,0,29.1,S,1
830,3,female,38.8,2,0,22.21,S,0
831,3,male,29.4,0,0,25.13,C,0
832,2,male,21.5,1,0,26.96,S,0
833,1,male,3.6,0,0,118.02,Q,1
834,2,male,15.8,1,2,39.51,S,0
835,3,male,39.9,1,0,25.64,C,0
836,3,male,41.4,0,2,872.58,C,0
837,1,male,27.1,0,0,99.84,S,1
838,1,female,41.4,0,0,124.67,S,1
839,3,male,43.2,1,0,17.06,S,0
840,1,female,32.2,1,0,89.12,S,1
841,3,female,19.9,0,0,22.9,Q,1
842,1,male,36.2,0,0,95.66,S,0
843,3,male,36.8,1,2,15.85,S,0
844,3,male,39.4,0,0,30.04,Q,0
845,2,male,42.1,0,0,25.45,S,0
846,1,female,,0,0,102.6,S,1
847,3,male,22.9,2,0,21.16,C,0
848,2,female,,1,0,42.52,S,1
849,2,female,40.5,0,0,34.72,S,0
850,3,male,27.0,0,1,68.8,S,1
851,1,male,36.0,0,0,91.11,C,1
852,2,male,9.3,1,0,85.75,S,0
853,3,female,,0,0,13.01,S,0
854,3,female,,0,0,29.27,S,0
855,2,male,40.8,0,0,686.09,S,1
856,3,male,31.7,2,2,37.9,S,0
857,3,male,,0,0,35.38,Q,0
858,3,female,,0,0,36.16,S,1
859,1,female,21.1,1,2,86.49,S,1
860,1,male,,4,1,110.92,S,0
861,3,male,30.2,0,0,15.61,S,0
862,3,male,12.2,0,0,12.39,S,1
863,3,male,24.6,0,1,15.68,S,0
864,1,female,,0,0,94.79,S,1
865,3,male,,0,0,32.33,C,1
866,3,female,21.5,0,0,15.7,S,1
867,2,male,22.5,0,0,26.8,S,1
868,1,male,30.3,1,0,100.58,S,1
869,3,male,42.2,0,0,73.93,S,0
870,3,female,,0,0,678.71,S,0
871,1,female,37.1,0,1,102.62,S,1
872,3,male,23.5,0,0,24.35,C,0
873,3,male,,0,0,34.87,S,1
874,3,male,58.0,1,0,67.82,S,0
875,3,male,27.2,0,0,23.78,S,0
876,3,male,40.6,1,0,20.09,C,0
877,1,male,40.1,0,0,114.53,S,0
878,1,male,13.5,0,0,137.46,S,1
879,3,female,4.2,0,0,14.07,S,1
880,1,male,41.5,0,1,97.95,Q,0
881,3,male,14.8,1,1,35.59,S,0
882,3,male,6.7,1,0,23.43,S,0
883,1,female,44.4,0,0,92.89,S,1
884,3,male,,0,0,27.97,C,0
885,3,male,19.2,0,0,16.72,S,0
886,2,female,57.6,4,0,31.44,C,1
887,3,male,6.8,0,0,84.95,Q,0
888,3,female,,0,2,27.18,S,1
889,2,female,23.6,0,1,55.94,S,1
890,3,male,26.6,0,0,36.74,S,0
891,1,female,17.5,0,0,846.32,S,1
